City_ID,City,Country,Date,Lat,Lng,Max Temp,Humidity,Cloudiness,Wind Speed
0,Kavaratti,IN,2021-08-03 02:52:13,10.5669,72.642,81.84,74,76,14.76
1,Filiatra,GR,2021-08-03 02:52:36,37.15,21.5833,87.69,54,0,8.97
2,Saint George,US,2021-08-03 02:51:02,37.1041,-113.5841,100.99,18,1,4.0
3,Vestmannaeyjar,IS,2021-08-03 02:51:27,63.4427,-20.2734,52.54,83,100,5.77
4,Georgiyevka,KZ,2021-08-03 02:52:37,43.0369,74.7114,71.64,49,75,4.47
5,Rikitea,PF,2021-08-03 02:52:37,-23.1203,-134.9692,69.53,57,55,21.3
6,Port Elizabeth,ZA,2021-08-03 02:51:45,-33.918,25.5701,52.09,93,40,9.22
7,Hobart,AU,2021-08-03 02:51:34,-42.8794,147.3294,56.12,67,40,1.01
8,San Patricio,US,2021-08-03 02:51:40,28.017,-97.5169,85.89,72,93,5.14
9,Airai,TL,2021-08-03 02:51:35,-8.9266,125.4092,76.75,31,30,5.84
10,Kampong Thum,KH,2021-08-03 02:52:38,12.7111,104.8887,87.17,59,100,9.26
11,Viseu,PT,2021-08-03 02:52:39,40.661,-7.9097,54.88,82,100,1.54
12,Ushuaia,AR,2021-08-03 02:52:39,-54.8,-68.3,37.06,87,40,17.27
13,Hindang,PH,2021-08-03 02:52:39,10.4342,124.7292,87.69,66,84,12.33
14,Cape Town,ZA,2021-08-03 02:47:38,-33.9258,18.4232,56.12,100,0,2.3
15,Quatre Cocos,MU,2021-08-03 02:51:52,-20.2078,57.7625,59.11,70,0,5.57
16,Busselton,AU,2021-08-03 02:51:23,-33.65,115.3333,56.05,77,100,5.77
17,Abu Samrah,SY,2021-08-03 02:52:28,35.3029,37.1841,77.54,47,0,7.31
18,Melo,UY,2021-08-03 02:52:40,-32.3667,-54.1833,46.9,88,0,1.54
19,Chuy,UY,2021-08-03 02:51:09,-33.6971,-53.4616,47.75,95,0,4.43
20,Charters Towers,AU,2021-08-03 02:52:41,-20.1,146.2667,80.6,31,1,6.24
21,Corrales,US,2021-08-03 02:52:41,35.2378,-106.6067,81.72,45,75,1.01
22,Agadez,NE,2021-08-03 02:52:41,19.75,10.25,85.78,24,1,11.32
23,Nikolskoye,RU,2021-08-03 02:51:17,59.7035,30.7861,60.03,94,100,10.94
24,Houma,US,2021-08-03 02:48:48,29.5958,-90.7195,82.4,91,1,0.0
25,Necochea,AR,2021-08-03 02:49:54,-38.5473,-58.7368,49.03,72,9,11.83
26,Atbasar,KZ,2021-08-03 02:52:42,51.8,68.3333,73.09,47,79,6.64
27,Los Llanos De Aridane,ES,2021-08-03 02:52:42,28.6585,-17.9182,69.55,91,75,10.36
28,Ponta Do Sol,PT,2021-08-03 02:52:01,32.6667,-17.1,73.0,73,24,6.64
29,Talnakh,RU,2021-08-03 02:52:43,69.4865,88.3972,78.4,40,98,6.08
30,Kapaa,US,2021-08-03 02:51:31,22.0752,-159.319,80.92,71,40,4.0
31,Ulladulla,AU,2021-08-03 02:52:43,-35.35,150.4667,61.88,50,7,14.65
32,Poum,NC,2021-08-03 02:52:43,-20.2333,164.0167,69.93,65,0,8.21
33,Mitsamiouli,KM,2021-08-03 02:52:44,-11.3847,43.2844,75.42,69,0,4.21
34,Cayenne,GF,2021-08-03 02:52:44,4.9333,-52.3333,78.1,87,73,0.0
35,Georgetown,MY,2021-08-03 02:49:32,5.4112,100.3354,87.73,74,20,1.01
36,Yellowknife,CA,2021-08-03 02:47:56,62.456,-114.3525,86.52,30,75,4.61
37,Leshukonskoye,RU,2021-08-03 02:52:45,64.8989,45.7622,59.23,89,94,5.97
38,Hami,CN,2021-08-03 02:52:45,42.8,93.45,85.19,17,5,7.58
39,Qaanaaq,GL,2021-08-03 02:52:09,77.484,-69.3632,43.38,70,85,3.78
40,Iqaluit,CA,2021-08-03 02:52:06,63.7506,-68.5145,49.73,93,75,0.0
41,Jamestown,US,2021-08-03 02:51:18,42.097,-79.2353,58.71,86,0,1.01
42,Mbanza-Ngungu,CD,2021-08-03 02:52:46,-5.25,14.8667,66.72,79,91,4.99
43,Balkanabat,TM,2021-08-03 02:52:05,39.5108,54.3671,89.29,16,94,7.07
44,Mataura,NZ,2021-08-03 02:51:36,-46.1927,168.8643,50.49,76,26,4.21
45,Kahului,US,2021-08-03 02:47:46,20.8947,-156.47,82.42,70,40,31.07
46,Tiksi,RU,2021-08-03 02:52:12,71.6872,128.8694,49.1,61,75,7.02
47,Luderitz,NA,2021-08-03 02:52:16,-26.6481,15.1594,66.07,34,0,5.48
48,Nueva Loja,EC,2021-08-03 02:52:46,0.0847,-76.8828,66.52,99,100,1.81
49,Santa Cruz,BO,2021-08-03 02:52:47,-17.8,-63.1667,65.66,42,0,9.22
50,Verkhoyansk,RU,2021-08-03 02:52:47,67.5447,133.385,75.67,26,0,5.66
51,Port Blair,IN,2021-08-03 02:52:47,11.6667,92.75,78.84,94,90,11.5
52,Katsuura,JP,2021-08-03 02:52:48,35.1333,140.3,91.51,75,55,11.03
53,Sitka,US,2021-08-03 02:51:49,57.0531,-135.33,60.69,77,75,9.22
54,Kaitangata,NZ,2021-08-03 02:51:43,-46.2817,169.8464,49.93,59,27,10.29
55,Mattru,SL,2021-08-03 02:52:48,7.6244,-11.8332,69.87,91,22,0.65
56,Tuktoyaktuk,CA,2021-08-03 02:52:02,69.4541,-133.0374,46.4,93,90,13.8
57,Hermanus,ZA,2021-08-03 02:51:53,-34.4187,19.2345,55.9,74,0,7.14
58,Port Lincoln,AU,2021-08-03 02:52:01,-34.7333,135.8667,55.17,62,69,18.41
59,Port Alfred,ZA,2021-08-03 02:51:17,-33.5906,26.891,54.48,85,0,12.06
60,Barrow,US,2021-08-03 02:51:20,71.2906,-156.7887,42.82,87,90,18.41
61,Malakal,SS,2021-08-03 02:52:49,9.5334,31.6605,70.21,93,100,3.78
62,Saint-Joseph,RE,2021-08-03 02:52:50,-21.3667,55.6167,64.78,64,0,2.53
63,Gorontalo,ID,2021-08-03 02:52:50,0.5412,123.0595,88.57,56,25,6.06
64,Bredasdorp,ZA,2021-08-03 02:52:50,-34.5322,20.0403,51.12,93,6,3.44
65,Ballina,AU,2021-08-03 02:52:51,-28.8667,153.5667,73.44,83,97,8.05
66,Victoria,HK,2021-08-03 02:48:31,22.2855,114.1577,87.85,88,98,1.99
67,Bonavista,CA,2021-08-03 02:52:51,48.6499,-53.1147,62.11,79,100,10.22
68,Terra Nova,BR,2021-08-03 02:52:51,-12.3667,-40.6667,66.78,91,67,2.53
69,Hamilton,US,2021-08-03 02:48:54,39.1834,-84.5333,68.88,77,1,0.0
70,Saint-Philippe,RE,2021-08-03 02:52:11,-21.3585,55.7679,65.79,65,0,1.83
71,Albany,US,2021-08-03 02:50:03,42.6001,-73.9662,61.38,83,0,4.72
72,Souillac,MU,2021-08-03 02:52:52,-20.5167,57.5167,59.38,88,20,5.75
73,Deputatskiy,RU,2021-08-03 02:52:52,69.3,139.9,55.65,37,58,12.71
74,Silvan,TR,2021-08-03 02:52:53,38.1419,41.0081,71.89,41,7,4.43
75,Mtwara,TZ,2021-08-03 02:52:53,-10.2667,40.1833,67.33,100,20,11.5
76,Bambous Virieux,MU,2021-08-03 02:51:37,-20.3428,57.7575,59.25,88,20,5.75
77,Nanortalik,GL,2021-08-03 02:52:23,60.1432,-45.2371,44.47,96,100,1.48
78,Gukovo,RU,2021-08-03 02:52:54,48.0531,39.9311,65.84,49,35,4.27
79,Upernavik,GL,2021-08-03 02:51:38,72.7868,-56.1549,47.37,67,95,7.81
80,Mumford,GH,2021-08-03 02:52:54,5.2618,-0.759,74.79,92,99,7.56
81,Molodizhne,UA,2021-08-03 02:52:55,48.1773,32.6601,67.75,92,53,6.26
82,Castro,BR,2021-08-03 02:51:57,-24.7911,-50.0119,47.32,86,0,2.68
83,Kodiak,US,2021-08-03 02:52:00,57.79,-152.4072,54.91,76,90,10.36
84,Valdosta,US,2021-08-03 02:52:55,30.8327,-83.2785,75.15,97,90,4.61
85,Bar Harbor,US,2021-08-03 02:51:46,44.3876,-68.2039,61.92,91,40,4.61
86,Meulaboh,ID,2021-08-03 02:52:56,4.1363,96.1285,82.65,67,48,4.9
87,Were Ilu,ET,2021-08-03 02:52:56,10.6,39.4333,52.79,83,93,0.94
88,Bo Phloi,TH,2021-08-03 02:52:56,14.3236,99.5161,83.03,65,97,11.05
89,Sao Joao Da Barra,BR,2021-08-03 02:52:57,-21.6403,-41.0511,67.78,80,2,9.37
90,Diego De Almagro,CL,2021-08-03 02:52:57,-26.3667,-70.05,57.45,46,0,0.98
91,Punta Arenas,CL,2021-08-03 02:51:21,-53.15,-70.9167,37.51,81,20,32.21
92,Carutapera,BR,2021-08-03 02:52:57,-1.195,-46.02,74.08,91,8,3.0
93,Namibe,AO,2021-08-03 02:51:28,-15.1961,12.1522,66.11,86,28,8.52
94,Aykhal,RU,2021-08-03 02:52:58,66.0,111.5,75.6,37,75,18.88
95,Mahebourg,MU,2021-08-03 02:51:54,-20.4081,57.7,59.29,88,20,5.75
96,Puquio,PE,2021-08-03 02:52:59,-14.7,-74.1333,48.22,72,9,3.87
97,Teseney,ER,2021-08-03 02:52:59,15.11,36.6575,74.01,83,100,11.36
98,Khatanga,RU,2021-08-03 02:51:57,71.9667,102.5,76.23,42,100,15.95
99,Lakshettipet,IN,2021-08-03 02:53:00,18.8667,79.2167,81.73,69,100,16.26
100,Mamonovo,RU,2021-08-03 02:53:00,54.4643,19.938,58.95,81,17,18.41
101,Inongo,CD,2021-08-03 02:53:00,-1.95,18.2667,68.7,61,97,6.22
102,Bogorodskoye,RU,2021-08-03 02:53:01,56.55,37.8833,64.78,88,56,9.19
103,Lima,PE,2021-08-03 02:47:03,-12.0432,-77.0282,61.05,82,90,10.36
104,Hilo,US,2021-08-03 02:52:18,19.7297,-155.09,80.33,80,75,9.22
105,Carnarvon,AU,2021-08-03 02:51:58,-24.8667,113.6333,62.67,32,0,13.8
106,Kati,ML,2021-08-03 02:53:01,12.7441,-8.0726,78.21,89,56,3.42
107,Yaan,NG,2021-08-03 02:53:02,7.3833,8.5667,71.19,97,100,5.23
108,Marquette,US,2021-08-03 02:53:02,46.5333,-87.6335,64.76,77,43,4.85
109,Praia Da Vitoria,PT,2021-08-03 02:49:11,38.7333,-27.0667,72.75,100,75,3.69
110,Lompoc,US,2021-08-03 02:52:03,34.6391,-120.4579,74.08,76,1,12.66
111,Olafsvik,IS,2021-08-03 02:53:03,64.8945,-23.7142,52.56,78,100,5.3
112,Kavieng,PG,2021-08-03 02:52:10,-2.5744,150.7967,83.44,76,29,8.72
113,Tessalit,ML,2021-08-03 02:53:03,20.1986,1.0114,86.2,42,64,9.82
114,Mehamn,NO,2021-08-03 02:53:03,71.0357,27.8492,48.31,80,86,5.86
115,Butaritari,KI,2021-08-03 02:51:41,3.0707,172.7902,81.55,75,39,4.36
116,Moree,AU,2021-08-03 02:53:04,-29.4667,149.85,62.62,63,90,13.8
117,Bilibino,RU,2021-08-03 02:53:04,68.0546,166.4372,40.05,62,100,13.27
118,Arraial Do Cabo,BR,2021-08-03 02:50:17,-22.9661,-42.0278,66.06,82,0,6.91
119,Laguna,US,2021-08-03 02:52:03,38.421,-121.4238,93.04,15,1,5.75
120,Kruisfontein,ZA,2021-08-03 02:51:17,-34.0033,24.7314,45.88,88,0,7.78
121,Coxim,BR,2021-08-03 02:53:05,-18.5067,-54.76,68.74,45,5,3.98
122,Provideniya,RU,2021-08-03 02:53:06,64.3833,-173.3,53.71,82,90,13.42
123,Pevek,RU,2021-08-03 02:51:54,69.7008,170.3133,35.29,85,100,17.4
124,Yumaguzino,RU,2021-08-03 02:53:06,52.9041,56.3933,73.13,43,27,3.62
125,Port Macquarie,AU,2021-08-03 02:47:04,-31.4333,152.9167,69.76,62,82,8.34
126,Tual,ID,2021-08-03 02:52:19,-5.6667,132.75,81.54,75,51,18.92
127,Tasiilaq,GL,2021-08-03 02:51:30,65.6145,-37.6368,42.78,81,100,1.68
128,Mar Del Plata,AR,2021-08-03 02:52:30,-38.0023,-57.5575,50.09,50,0,4.0
129,Buala,SB,2021-08-03 02:53:07,-8.145,159.5921,81.34,79,82,5.84
130,Kuching,MY,2021-08-03 02:53:07,1.55,110.3333,82.62,89,20,4.61
131,Pudozh,RU,2021-08-03 02:53:08,61.8099,36.5345,63.84,95,100,11.05
132,Thompson,CA,2021-08-03 02:51:20,55.7435,-97.8558,71.76,46,75,3.44
133,Vila Velha,BR,2021-08-03 02:53:08,-20.3297,-40.2925,58.95,100,0,0.0
134,Salalah,OM,2021-08-03 02:52:22,17.0151,54.0924,74.79,96,100,7.72
135,Yulara,AU,2021-08-03 02:53:09,-25.2406,130.9889,55.24,50,0,12.66
136,Hithadhoo,MV,2021-08-03 02:52:13,-0.6,73.0833,82.29,72,95,8.84
137,Minas,UY,2021-08-03 02:53:09,-34.3759,-55.2377,46.87,92,0,2.89
138,Tupik,RU,2021-08-03 02:53:10,54.4253,119.9327,58.35,95,100,2.8
139,Narsaq,GL,2021-08-03 02:51:22,60.9167,-46.05,45.23,95,100,3.02
140,Staroye Drozhzhanoye,RU,2021-08-03 02:53:11,54.7266,47.5677,73.35,58,28,7.99
141,Gamba,GA,2021-08-03 02:53:11,-2.65,10.0,71.76,91,100,0.56
142,Pringsewu,ID,2021-08-03 02:53:11,-5.3582,104.9744,87.15,59,60,2.01
143,Ust-Tsilma,RU,2021-08-03 02:53:11,65.441,52.1498,59.63,91,40,3.42
144,Eyemouth,GB,2021-08-03 02:53:12,55.8713,-2.0901,50.04,93,9,1.01
145,New Norfolk,AU,2021-08-03 02:51:32,-42.7826,147.0587,55.76,71,98,1.01
146,Puerto Ayora,EC,2021-08-03 02:51:22,-0.7393,-90.3518,70.75,91,58,8.99
147,Saskylakh,RU,2021-08-03 02:51:33,71.9167,114.0833,72.73,38,20,9.95
148,Torbay,CA,2021-08-03 02:51:53,47.6666,-52.7314,59.58,94,90,11.5
149,Izhma,RU,2021-08-03 02:53:13,65.0083,53.9113,60.3,88,19,3.24
150,Broome,US,2021-08-03 02:53:13,42.2506,-75.833,57.38,90,0,0.31
151,Vaini,TO,2021-08-03 02:51:13,-21.2,-175.2,75.36,69,20,13.8
152,Bethel,US,2021-08-03 02:52:10,41.3712,-73.414,68.68,82,40,3.44
153,Maralal,KE,2021-08-03 02:53:14,1.0968,36.698,56.91,74,80,4.18
154,Atuona,PF,2021-08-03 02:51:26,-9.8,-139.0333,77.58,74,2,18.43
155,Plettenberg Bay,ZA,2021-08-03 02:53:14,-34.0527,23.3716,57.09,60,0,5.41
156,Leningradskiy,RU,2021-08-03 02:51:59,69.3833,178.4167,33.01,99,100,9.51
157,Launceston,AU,2021-08-03 02:53:14,-41.45,147.1667,55.04,74,90,4.0
158,Padang,ID,2021-08-03 02:53:15,-0.9492,100.3543,86.05,66,60,2.73
159,Haines Junction,CA,2021-08-03 02:53:15,60.7522,-137.5108,62.55,77,78,8.05
160,Sao Filipe,CV,2021-08-03 02:53:15,14.8961,-24.4956,76.3,85,87,6.6
161,Sao Jose Da Coroa Grande,BR,2021-08-03 02:52:13,-8.8978,-35.1478,73.02,89,73,9.53
162,Margate,GB,2021-08-03 02:51:32,51.3813,1.3862,58.69,80,100,1.99
163,Nola,IT,2021-08-03 02:53:16,40.922,14.5329,76.55,67,34,3.83
164,Dwarka,IN,2021-08-03 02:52:24,22.2394,68.9678,82.27,82,100,21.45
165,Cidreira,BR,2021-08-03 02:52:11,-30.1811,-50.2056,50.36,89,1,5.19
166,Puerto Penasco,MX,2021-08-03 02:52:48,31.3167,-113.5333,89.91,76,0,8.01
167,Karratha,AU,2021-08-03 02:53:17,-20.7377,116.8463,70.7,20,10,22.24
168,Alofi,NU,2021-08-03 02:53:17,-19.0595,-169.9187,75.09,73,75,9.22
169,Saint Stephen,GB,2021-08-03 02:53:17,50.3333,-4.9,55.67,88,100,0.0
170,Canada,ES,2021-08-03 02:51:16,38.6767,-0.8141,65.73,90,1,1.48
171,Dikson,RU,2021-08-03 02:51:20,73.5069,80.5464,51.37,80,100,7.83
172,Bud,US,2021-08-03 02:51:16,39.447,-86.1758,68.22,79,9,5.97
173,Christchurch,NZ,2021-08-03 02:53:17,-43.5333,172.6333,48.4,76,75,8.99
174,Kachug,RU,2021-08-03 02:53:18,53.9606,105.8817,72.01,48,100,5.66
175,Cagdianao,PH,2021-08-03 02:53:18,9.9211,125.6692,86.86,68,100,10.94
176,Ouango,CF,2021-08-03 02:53:19,4.3133,22.5552,67.91,97,96,0.6
177,Rocha,UY,2021-08-03 02:53:19,-34.4833,-54.3333,43.93,92,0,2.17
178,Aklavik,CA,2021-08-03 02:51:25,68.2191,-135.0107,54.32,81,100,12.66
179,Banda Aceh,ID,2021-08-03 02:53:19,5.5577,95.3222,85.19,67,98,13.69
180,Codrington,AU,2021-08-03 02:51:43,-38.2667,141.9667,51.69,71,76,23.78
181,Touros,BR,2021-08-03 02:53:20,-5.1989,-35.4608,72.5,88,14,15.55
182,Aljezur,PT,2021-08-03 02:53:20,37.3191,-8.8033,62.69,83,99,7.2
183,Clyde River,CA,2021-08-03 02:51:44,70.4692,-68.5914,34.03,100,90,10.36
184,Camocim,BR,2021-08-03 02:53:21,-2.9022,-40.8411,74.34,81,10,1.95
185,Hvide Sande,DK,2021-08-03 02:53:21,56.0045,8.1294,59.0,74,100,13.76
186,Palencia,ES,2021-08-03 02:53:21,42.4167,-4.5,55.8,88,98,5.39
187,Alyangula,AU,2021-08-03 02:53:22,-13.8483,136.4192,85.87,62,75,6.91
188,Bluff,NZ,2021-08-03 02:51:31,-46.6,168.3333,50.81,58,29,6.85
189,Cabo San Lucas,MX,2021-08-03 02:49:11,22.8909,-109.9124,90.7,63,6,7.0
190,Caravelas,BR,2021-08-03 02:51:59,-17.7125,-39.2481,65.71,81,34,2.82
191,Kot Addu,PK,2021-08-03 02:53:22,30.4692,70.9671,87.66,38,8,10.92
192,Susangerd,IR,2021-08-03 02:53:23,31.5608,48.1831,87.82,12,0,2.53
193,Baruun-Urt,MN,2021-08-03 02:51:55,46.6806,113.2792,80.49,28,100,10.94
194,Alberton,CA,2021-08-03 02:53:23,46.8168,-64.0654,62.51,88,94,11.43
195,Eyl,SO,2021-08-03 02:53:23,7.9803,49.8164,80.02,55,19,26.89
196,Komsomolskiy,UZ,2021-08-03 02:53:24,40.4272,71.7189,81.32,34,53,2.3
197,Noyabrsk,RU,2021-08-03 02:53:24,63.1994,75.4507,66.11,69,50,10.42
198,Chokurdakh,RU,2021-08-03 02:51:28,70.6333,147.9167,56.41,32,17,9.28
199,Shimoda,JP,2021-08-03 02:53:24,34.6667,138.95,88.16,76,80,7.58
200,Pasighat,IN,2021-08-03 02:53:25,28.0667,95.3333,84.16,82,100,2.66
201,Yeppoon,AU,2021-08-03 02:53:25,-23.1333,150.7333,78.58,53,0,12.55
202,Constitucion,CL,2021-08-03 02:53:25,-35.3333,-72.4167,52.86,64,0,5.23
203,Tolmezzo,IT,2021-08-03 02:53:26,46.4075,13.0175,59.7,93,69,5.61
204,Avarua,CK,2021-08-03 02:51:38,-21.2078,-159.775,78.85,73,90,10.36
205,Isangel,VU,2021-08-03 02:53:26,-19.55,169.2667,78.91,57,20,11.5
206,Botwood,CA,2021-08-03 02:53:27,49.1499,-55.3482,62.08,82,100,1.19
207,Batagay,RU,2021-08-03 02:53:27,67.6333,134.6333,75.94,26,3,2.73
208,Parabel,RU,2021-08-03 02:53:27,58.6978,81.4825,57.65,86,100,3.4
209,Umm Lajj,SA,2021-08-03 02:53:28,25.0213,37.2685,89.01,39,2,6.31
210,Contamana,PE,2021-08-03 02:53:28,-7.3333,-75.0167,69.17,66,0,2.28
211,Semey,KZ,2021-08-03 02:53:28,50.4111,80.2275,79.02,38,0,4.47
212,Faya,SA,2021-08-03 02:53:29,18.3851,42.4509,62.71,69,94,6.91
213,Yining,CN,2021-08-03 02:53:29,29.0361,114.5636,93.06,52,0,8.12
214,Mogadishu,SO,2021-08-03 02:53:29,2.0371,45.3438,75.87,85,100,16.8
215,Bin Qirdan,TN,2021-08-03 02:53:30,33.1378,11.2197,84.56,40,0,5.37
216,Thabazimbi,ZA,2021-08-03 02:53:30,-24.5917,27.4116,50.61,49,0,3.67
217,Lebu,CL,2021-08-03 02:48:10,-37.6167,-73.65,50.76,90,23,16.22
218,Macapa,BR,2021-08-03 02:53:30,0.0389,-51.0664,80.58,89,0,4.61
219,Nioro,GM,2021-08-03 02:52:10,13.35,-15.75,74.26,96,93,5.44
220,Lermontovka,RU,2021-08-03 02:53:31,47.1453,134.3383,78.35,75,100,3.58
221,Avera,US,2021-08-03 02:53:31,33.194,-82.5271,80.71,59,100,6.71
222,Coquimbo,CL,2021-08-03 02:50:35,-29.9533,-71.3436,55.13,87,90,3.44
223,East London,ZA,2021-08-03 02:52:16,-33.0153,27.9116,57.43,80,1,14.67
224,Bridlington,GB,2021-08-03 02:53:32,54.0831,-0.1919,57.88,75,63,6.53
225,Akureyri,IS,2021-08-03 02:53:32,65.6835,-18.0878,49.93,87,75,3.44
226,Saint-Denis,FR,2021-08-03 02:53:33,48.9167,2.3333,62.22,94,90,4.61
227,Ahipara,NZ,2021-08-03 02:51:29,-35.1667,173.1667,55.54,81,33,23.67
228,Tarauaca,BR,2021-08-03 02:52:12,-8.1614,-70.7656,68.23,56,0,2.06
229,Yerbogachen,RU,2021-08-03 02:53:33,61.2767,108.0108,73.72,49,100,4.21
230,Norman Wells,CA,2021-08-03 02:52:07,65.282,-126.8329,87.84,23,20,12.66
231,Asau,RO,2021-08-03 02:53:34,46.4333,26.4,60.28,95,21,1.28
232,Ous,RU,2021-08-03 02:53:34,60.9058,61.5186,65.25,70,0,3.76
233,Songea,TZ,2021-08-03 02:53:35,-10.6833,35.65,54.75,94,20,0.0
234,Izumo,JP,2021-08-03 02:53:35,35.3667,132.7667,91.29,55,75,4.61
235,Nome,US,2021-08-03 02:51:38,64.5011,-165.4064,61.16,82,90,10.36
236,Bengkulu,ID,2021-08-03 02:51:30,-3.8004,102.2655,83.03,67,54,2.53
237,Kedrovyy,RU,2021-08-03 02:53:35,56.1667,91.8167,66.61,69,76,3.51
238,Lavrentiya,RU,2021-08-03 02:53:36,65.5833,-171.0,45.27,99,100,7.45
239,Fairbanks,US,2021-08-03 02:50:07,64.8378,-147.7164,87.76,38,1,0.0
240,Niteroi,BR,2021-08-03 02:53:36,-22.8833,-43.1036,66.58,78,0,4.61
241,Klaksvik,FO,2021-08-03 02:53:36,62.2266,-6.589,49.12,88,100,12.68
242,Flin Flon,CA,2021-08-03 02:52:04,54.7682,-101.865,75.34,39,78,3.87
243,Muzhi,RU,2021-08-03 02:53:37,65.3667,64.6667,62.13,66,25,1.81
244,Pisco,PE,2021-08-03 02:49:14,-13.7,-76.2167,62.65,82,90,8.05
245,Searcy,US,2021-08-03 02:53:37,35.2506,-91.7363,78.08,100,90,0.0
246,Tibati,CM,2021-08-03 02:53:38,6.4667,12.6333,65.71,99,100,4.09
247,Hambantota,LK,2021-08-03 02:53:38,6.1241,81.1185,80.94,89,20,8.05
248,Maridi,SS,2021-08-03 02:53:38,4.9158,29.4742,65.48,95,98,4.09
249,Ribeira Grande,PT,2021-08-03 02:51:15,38.5167,-28.7,72.81,92,24,7.31
250,Pedernales,DO,2021-08-03 02:53:39,18.0384,-71.744,80.94,72,61,4.56
251,Dingle,PH,2021-08-03 02:52:26,10.9995,122.6711,87.66,65,100,17.02
252,Smirnykh,RU,2021-08-03 02:53:40,49.75,142.8333,70.18,53,0,12.46
253,Recodo,PH,2021-08-03 02:53:40,6.9519,121.9636,84.22,79,75,2.3
254,Nishihara,JP,2021-08-03 02:53:41,26.1842,127.7558,88.88,70,75,21.85
255,Mount Gambier,AU,2021-08-03 02:51:33,-37.8333,140.7667,51.71,71,40,20.71
256,Ugoofaaru,MV,2021-08-03 02:53:41,5.6667,73.0,82.22,71,100,5.91
257,Hasaki,JP,2021-08-03 02:51:35,35.7333,140.8333,91.29,76,64,13.24
258,Bronnoysund,NO,2021-08-03 02:53:42,65.4625,12.1997,48.2,93,75,2.3
259,Te Anau,NZ,2021-08-03 02:53:42,-45.4167,167.7167,45.39,78,62,2.8
260,Korla,CN,2021-08-03 02:52:28,41.7597,86.1469,84.83,16,100,6.82
261,Abu Kamal,SY,2021-08-03 02:53:42,34.4506,40.9171,89.96,26,89,12.24
262,Geraldton,AU,2021-08-03 02:53:43,-28.7667,114.6,59.41,67,0,14.97
263,Eureka,US,2021-08-03 02:47:01,40.8021,-124.1637,59.2,74,44,4.0
264,Dunedin,NZ,2021-08-03 02:53:43,-45.8742,170.5036,47.8,63,68,18.99
265,Tazovskiy,RU,2021-08-03 02:53:43,67.4667,78.7,61.36,70,86,10.89
266,Awjilah,LY,2021-08-03 02:53:44,29.1081,21.2869,84.67,26,0,6.98
267,Cururupu,BR,2021-08-03 02:53:44,-1.8283,-44.8683,71.33,83,4,1.59
268,Belaya Gora,RU,2021-08-03 02:53:44,68.5333,146.4167,60.03,32,14,9.51
269,Manono,CD,2021-08-03 02:53:45,-7.3,27.4167,68.59,40,29,4.47
270,Kasongo-Lunda,CD,2021-08-03 02:53:45,-6.4667,16.8167,67.33,31,64,1.14
271,Guadalupe Y Calvo,MX,2021-08-03 02:53:45,26.1,-106.9667,54.9,93,88,3.27
272,Wewak,PG,2021-08-03 02:53:46,-3.5534,143.6268,86.02,67,73,9.42
273,Faanui,PF,2021-08-03 02:53:46,-16.4833,-151.75,78.62,77,23,12.46
274,Wenling,CN,2021-08-03 02:53:46,28.3669,121.36,80.91,92,100,9.93
275,Presidencia Roque Saenz Pena,AR,2021-08-03 02:53:47,-26.7852,-60.4388,49.59,57,32,5.61
276,Trairi,BR,2021-08-03 02:53:47,-3.2778,-39.2689,75.67,84,18,5.99
277,Krasnoselkup,RU,2021-08-03 02:53:48,65.7,82.4667,65.25,75,100,5.03
278,Alice Town,BS,2021-08-03 02:53:48,25.7167,-79.3,85.01,71,100,12.59
279,Shenjiamen,CN,2021-08-03 02:52:14,29.9576,122.298,80.24,89,100,11.54
280,Nouadhibou,MR,2021-08-03 02:52:27,20.931,-17.0347,67.98,94,0,10.36
281,Dukat,RU,2021-08-03 02:51:49,62.55,155.55,35.65,92,100,6.46
282,Simoes,BR,2021-08-03 02:53:49,-7.5989,-40.8178,67.39,76,6,13.09
283,Chililabombwe,ZM,2021-08-03 02:53:49,-12.3648,27.8229,52.83,65,8,4.81
284,Micomeseng,GQ,2021-08-03 02:53:50,2.1462,10.6164,67.12,99,100,1.92
285,Svetlogorsk,BY,2021-08-03 02:53:50,52.6333,29.7333,55.06,97,30,6.64
286,Fortuna,US,2021-08-03 02:51:49,40.5982,-124.1573,57.92,71,90,1.01
287,Cerrito,CO,2021-08-03 02:53:50,6.8432,-72.694,54.09,90,100,2.06
288,Ciudad Guayana,VE,2021-08-03 02:53:51,8.3533,-62.6528,72.81,93,77,2.46
289,Lagoa,PT,2021-08-03 02:51:44,39.05,-27.9833,71.37,93,47,6.73
290,Bandiagara,ML,2021-08-03 02:53:51,14.3501,-3.6104,82.29,61,100,9.71
291,Twentynine Palms,US,2021-08-03 02:53:51,34.1356,-116.0542,102.13,13,0,0.09
292,Kambove,CD,2021-08-03 02:53:52,-10.8764,26.5969,53.65,58,80,4.09
293,Novaya Bryan,RU,2021-08-03 02:53:52,51.7159,108.2691,61.57,93,100,4.41
294,Tefe,BR,2021-08-03 02:53:52,-3.3542,-64.7114,78.04,61,99,0.81
295,Booue,GA,2021-08-03 02:53:53,-0.0921,11.9385,71.53,94,66,2.66
296,Vardo,NO,2021-08-03 02:53:38,70.3705,31.1107,46.6,79,100,5.68
297,Gotsu,JP,2021-08-03 02:53:53,35.0,132.2167,86.14,62,79,7.0
298,Havre-Saint-Pierre,CA,2021-08-03 02:53:54,50.2334,-63.5986,57.2,94,90,0.0
299,Paderborn,DE,2021-08-03 02:53:54,51.7191,8.7544,56.64,93,0,1.14
300,Mount Isa,AU,2021-08-03 02:53:54,-20.7333,139.5,67.77,21,75,18.41
301,Osorno,CL,2021-08-03 02:51:37,-40.5667,-73.15,44.91,100,90,0.0
302,Acarau,BR,2021-08-03 02:53:55,-2.8856,-40.12,75.22,80,21,2.95
303,Ewa Beach,US,2021-08-03 02:53:55,21.3156,-158.0072,83.57,57,1,17.27
304,Flinders,AU,2021-08-03 02:49:30,-34.5833,150.8552,67.21,51,2,10.0
305,Barra Patuca,HN,2021-08-03 02:53:56,15.8,-84.2833,79.47,87,77,10.65
306,Sarangani,PH,2021-08-03 02:53:56,5.4033,125.4636,84.2,73,97,12.62
307,Kirakira,SB,2021-08-03 02:53:56,-10.4544,161.9205,80.46,70,100,10.33
308,Elizabeth City,US,2021-08-03 02:52:22,36.2946,-76.2511,77.02,88,1,8.05
309,Weymouth,US,2021-08-03 02:53:57,42.2209,-70.9398,68.99,80,0,3.67
310,Troitskoye,RU,2021-08-03 02:53:57,52.9821,84.6757,71.4,71,49,5.17
311,Kohtla-Jarve,EE,2021-08-03 02:53:57,59.3986,27.2731,55.87,92,81,13.49
312,Esperance,AU,2021-08-03 02:52:18,-33.8667,121.9,55.24,71,75,14.67
313,Kysyl-Syr,RU,2021-08-03 02:53:58,63.8986,122.7617,82.27,31,0,10.87
314,Heswall,GB,2021-08-03 02:53:58,53.3273,-3.0965,52.12,84,4,2.3
315,Yumen,CN,2021-08-03 02:53:58,40.2833,97.2,75.76,15,29,2.68
316,Pangody,RU,2021-08-03 02:53:55,65.85,74.4859,67.24,59,69,8.39
317,Ati,TD,2021-08-03 02:53:59,13.2154,18.3353,80.44,70,97,7.02
318,Kouango,CF,2021-08-03 02:53:59,4.9934,19.9619,69.39,93,99,1.57
319,Kununurra,AU,2021-08-03 02:54:00,-15.7667,128.7333,84.18,21,28,12.66
320,Dulce Grande,MX,2021-08-03 02:54:00,23.0,-102.1667,74.44,52,95,19.3
321,San Cristobal,VE,2021-08-03 02:51:55,7.7669,-72.225,75.38,96,99,4.18
322,Suntar,RU,2021-08-03 02:54:01,62.1444,117.6319,75.13,55,35,8.39
323,Maloy,NO,2021-08-03 02:54:01,61.9353,5.1136,51.73,81,30,11.63
324,Lamu,KE,2021-08-03 02:54:01,-2.2717,40.902,75.42,81,33,11.79
325,Chiredzi,ZW,2021-08-03 02:54:01,-21.05,31.6667,55.45,83,0,6.58
326,Asyut,EG,2021-08-03 02:54:02,27.181,31.1837,80.78,19,1,2.57
327,Anadyr,RU,2021-08-03 02:54:02,64.75,177.4833,48.7,93,90,13.0
328,Nortelandia,BR,2021-08-03 02:54:03,-14.4547,-56.8028,67.33,44,81,2.51
329,Qui Nhon,VN,2021-08-03 02:54:03,13.7667,109.2333,85.89,63,100,15.61
330,Phibun Mangsahan,TH,2021-08-03 02:54:03,15.2447,105.2291,85.98,77,100,12.06
331,Hede,CN,2021-08-03 02:54:04,33.7681,120.2517,84.79,75,8,10.67
332,Itoman,JP,2021-08-03 02:54:04,26.1247,127.6694,89.62,70,75,21.85
333,Wagar,SD,2021-08-03 02:54:04,16.1525,36.2032,76.06,83,100,13.85
334,Grindavik,IS,2021-08-03 02:52:59,63.8424,-22.4338,52.27,93,75,5.75
335,Husavik,IS,2021-08-03 02:52:08,66.0449,-17.3389,49.91,88,97,2.01
336,Akyab,MM,2021-08-03 02:54:05,20.15,92.9,80.55,86,99,10.45
337,Mwene-Ditu,CD,2021-08-03 02:54:05,-7.0,23.45,64.31,37,2,4.63
338,Farah,AF,2021-08-03 02:54:06,32.5,62.5,81.46,15,0,4.94
339,Grand Gaube,MU,2021-08-03 02:51:16,-20.0064,57.6608,59.4,63,0,5.64
340,Upata,VE,2021-08-03 02:54:06,8.0086,-62.3989,69.89,97,92,2.21
341,Umm Kaddadah,SD,2021-08-03 02:54:06,13.6017,26.6876,78.89,65,82,13.15
342,Russell,US,2021-08-03 02:54:07,32.3502,-85.1999,72.91,93,75,4.61
343,Camacha,PT,2021-08-03 02:54:07,33.0833,-16.3333,69.53,78,40,11.5
344,Tuatapere,NZ,2021-08-03 02:50:09,-46.1333,167.6833,50.83,69,44,5.32
345,Lunenburg,CA,2021-08-03 02:54:07,44.3835,-64.3155,57.25,97,19,8.05
346,Huarmey,PE,2021-08-03 02:54:08,-10.0681,-78.1522,64.38,85,33,10.65
347,Waipawa,NZ,2021-08-03 02:54:08,-41.4122,175.5153,47.03,93,100,22.3
348,Itarema,BR,2021-08-03 02:54:08,-2.9248,-39.9167,74.75,81,36,3.94
349,Alekseyevka,RU,2021-08-03 02:54:09,50.6309,38.6903,69.75,80,100,2.48
350,Orel-Izumrud,RU,2021-08-03 02:54:09,43.4583,39.9244,73.42,78,75,11.01
351,Przhevalskoye,RU,2021-08-03 02:54:09,55.5093,31.8482,54.77,96,59,8.08
352,Vao,NC,2021-08-03 02:54:10,-22.6667,167.4833,67.01,68,0,6.96
353,Qandala,SO,2021-08-03 02:54:10,11.472,49.8728,86.32,51,73,11.23
354,Teguise,ES,2021-08-03 02:54:10,29.0605,-13.564,68.22,83,90,9.22
355,Caluquembe,AO,2021-08-03 02:54:11,-13.7833,14.6833,53.76,41,1,0.65
356,Saint-Leu,RE,2021-08-03 02:54:11,-21.15,55.2833,65.26,65,0,1.63
357,Luanda,AO,2021-08-03 02:54:11,-8.8368,13.2343,69.26,89,2,4.68
358,Ilulissat,GL,2021-08-03 02:51:34,69.2167,-51.1,40.6,95,100,5.32
359,Ostrovnoy,RU,2021-08-03 02:52:27,68.0531,39.5131,50.83,96,93,5.41
360,Moron,AR,2021-08-03 02:51:12,-34.6534,-58.6198,53.35,97,0,4.74
361,Ust-Maya,RU,2021-08-03 02:52:08,60.4167,134.5333,61.41,65,100,9.35
362,Togur,RU,2021-08-03 02:54:12,58.3631,82.8265,59.29,79,100,2.86
363,Sandwick,GB,2021-08-03 02:54:12,60.0,-1.25,49.82,81,90,6.91
364,Oktyabrskiy,RU,2021-08-03 02:54:13,54.4815,53.471,75.58,43,29,4.81
365,Tateyama,JP,2021-08-03 02:54:13,34.9833,139.8667,91.42,76,32,10.87
366,Roald,NO,2021-08-03 02:54:13,62.5833,6.1333,52.0,81,20,6.91
367,Trelew,AR,2021-08-03 02:54:14,-43.249,-65.3051,54.01,45,54,8.57
368,Antofagasta,CL,2021-08-03 02:54:14,-23.65,-70.4,56.48,72,5,1.52
369,Henties Bay,NA,2021-08-03 02:54:15,-22.116,14.2845,56.86,82,0,8.41
370,Ciudad Bolivar,VE,2021-08-03 02:54:15,8.1222,-63.5497,72.46,93,22,4.34
371,Harper,LR,2021-08-03 02:51:19,4.375,-7.7169,75.27,78,32,5.1
372,Prince Rupert,CA,2021-08-03 02:54:15,54.3161,-130.3201,64.49,71,20,3.44
373,Camopi,GF,2021-08-03 02:54:16,3.1655,-52.3158,70.02,99,44,1.68
374,Kingston,JM,2021-08-03 02:54:16,17.997,-76.7936,83.35,78,40,1.01
375,Segovia,ES,2021-08-03 02:54:16,41.1667,-4.0,61.83,49,41,4.41
376,Naze,JP,2021-08-03 02:52:02,28.3667,129.4833,85.12,79,72,17.09
377,Tahoua,NE,2021-08-03 02:54:17,14.8888,5.2692,83.44,57,98,6.33
378,Marawi,PH,2021-08-03 02:54:17,7.9986,124.2928,77.5,71,99,7.7
379,Muheza,TZ,2021-08-03 02:54:18,-5.1667,38.7833,66.69,88,74,4.25
380,Salacgriva,LV,2021-08-03 02:54:18,57.7536,24.3581,55.9,78,9,14.56
381,Santa Rosalia,MX,2021-08-03 02:54:18,27.3167,-112.2833,88.77,50,95,2.89
382,Sorong,ID,2021-08-03 02:54:19,-0.8833,131.25,86.65,63,57,5.93
383,Tecoanapa,MX,2021-08-03 02:54:19,16.5167,-98.75,81.57,87,42,5.55
384,Lismore,AU,2021-08-03 02:54:19,-28.8135,153.2773,73.35,68,95,9.22
385,Methuen,US,2021-08-03 02:49:43,42.7262,-71.1909,68.22,85,75,0.0
386,Kalmunai,LK,2021-08-03 02:54:20,7.4167,81.8167,84.29,59,100,2.93
387,Luwero,UG,2021-08-03 02:54:20,0.8492,32.4731,59.29,91,68,0.98
388,Hit,IQ,2021-08-03 02:54:21,33.6416,42.8251,92.44,25,4,9.89
389,Gazojak,TM,2021-08-03 02:54:21,41.1875,61.4036,88.81,16,0,13.51
390,Baiyin,CN,2021-08-03 02:54:21,36.5583,104.2081,61.68,78,100,10.02
391,Macamic,CA,2021-08-03 02:54:21,48.7502,-78.9996,66.43,91,100,8.95
392,Azare,NG,2021-08-03 02:54:22,11.6765,10.1948,73.0,86,96,7.36
393,Inhambane,MZ,2021-08-03 02:54:22,-23.865,35.3833,66.2,75,8,10.4
394,Bowen,AU,2021-08-03 02:54:22,-20.0167,148.2333,77.22,59,10,9.15
395,Kita,ML,2021-08-03 02:54:23,13.0349,-9.4895,72.39,95,38,2.91
396,Ulcinj,ME,2021-08-03 02:54:23,41.9294,19.2244,73.62,51,0,4.92
397,Baykit,RU,2021-08-03 02:53:39,61.67,96.37,68.56,66,98,9.24
398,Porto Walter,BR,2021-08-03 02:54:24,-8.2686,-72.7439,68.36,53,0,2.24
399,Kieta,PG,2021-08-03 02:54:24,-6.2167,155.6333,83.26,75,89,5.44
400,Kyra,RU,2021-08-03 02:54:24,49.5776,111.9753,72.68,55,75,4.32
401,Jalu,LY,2021-08-03 02:54:25,29.0331,21.5482,83.93,27,0,7.16
402,Whitianga,NZ,2021-08-03 02:54:25,-36.8333,175.7,56.01,67,28,11.52
403,Caboolture,AU,2021-08-03 02:54:25,-27.0833,152.95,81.36,59,82,8.32
404,Shahpur Chakar,PK,2021-08-03 02:54:25,26.155,68.6509,84.22,61,83,15.79
405,Whitehorse,CA,2021-08-03 02:52:21,60.7161,-135.0538,59.77,94,90,12.66
406,San Policarpo,PH,2021-08-03 02:54:26,12.1791,125.5072,90.99,56,100,10.11
407,Comodoro Rivadavia,AR,2021-08-03 02:54:26,-45.8667,-67.5,51.66,24,0,17.27
408,Port-Gentil,GA,2021-08-03 02:54:27,-0.7193,8.7815,75.65,86,91,8.08
409,Baijiantan,CN,2021-08-03 02:54:27,45.6333,85.1833,89.24,11,52,2.95
410,Peniche,PT,2021-08-03 02:54:27,39.3558,-9.3811,64.72,91,58,15.84
411,Dmitriyevka,RU,2021-08-03 02:54:28,54.75,55.3333,63.95,40,100,7.7
412,Kigoma,TZ,2021-08-03 02:54:28,-4.8769,29.6267,72.43,58,10,1.07
413,San Carlos De Bariloche,AR,2021-08-03 02:54:23,-41.1456,-71.3082,44.35,81,75,10.36
414,San Borja,BO,2021-08-03 02:54:29,-14.8167,-66.85,64.45,53,1,3.69
415,Isiro,CD,2021-08-03 02:54:29,2.7739,27.616,63.03,97,56,0.83
416,Santa Rosa,PH,2021-08-03 02:54:29,14.3122,121.1114,89.1,68,100,19.55
417,Suez,EG,2021-08-03 02:50:03,29.9737,32.5263,80.31,34,0,5.82
418,Basco,PH,2021-08-03 02:54:30,20.4487,121.9702,82.29,88,100,31.81
419,Tyukhtet,RU,2021-08-03 02:54:30,56.5389,89.3011,66.96,67,97,3.69
420,Chapais,CA,2021-08-03 02:54:30,49.7834,-74.8492,62.38,92,100,10.02
421,Ornskoldsvik,SE,2021-08-03 02:48:08,63.2909,18.7153,50.95,71,9,12.66
422,Archidona,ES,2021-08-03 02:54:31,37.0965,-4.3887,67.41,91,4,4.23
423,Maneadero,MX,2021-08-03 02:54:31,31.7167,-116.5667,68.11,84,1,4.0
424,San Ramon,US,2021-08-03 02:54:31,37.7799,-121.978,79.57,61,96,8.01
425,Qasigiannguit,GL,2021-08-03 02:54:32,68.8193,-51.1922,42.62,95,100,2.66
426,Tura,IN,2021-08-03 02:54:32,25.5198,90.2201,78.82,92,100,4.61
427,Saldanha,ZA,2021-08-03 02:52:14,-33.0117,17.9442,44.65,63,0,5.66
428,Pensacola,US,2021-08-03 02:54:32,30.4213,-87.2169,76.91,92,90,6.91
429,Haapiti,PF,2021-08-03 02:54:33,-17.5667,-149.8667,80.33,70,37,13.2
430,Chaman,PK,2021-08-03 02:54:33,30.9236,66.4512,81.25,11,2,6.15
431,Alice Springs,AU,2021-08-03 02:54:33,-23.7,133.8833,58.55,31,0,14.97
432,Colesberg,ZA,2021-08-03 02:54:34,-30.72,25.0972,42.21,40,0,4.63
433,Lugovoy,KZ,2021-08-03 02:54:34,42.9472,72.7644,84.47,20,88,2.68
434,General Roca,AR,2021-08-03 02:54:34,-39.0333,-67.5833,41.4,28,22,6.91
435,Palkonda,IN,2021-08-03 02:54:35,18.6,83.75,86.34,62,91,4.32
436,Khani,GE,2021-08-03 02:54:35,41.9563,42.9566,65.77,69,2,4.7
437,Manokwari,ID,2021-08-03 02:54:35,-0.8667,134.0833,83.79,73,21,9.19
438,Quelimane,MZ,2021-08-03 02:54:36,-17.8786,36.8883,55.35,94,0,0.0
439,Ipixuna,BR,2021-08-03 02:54:36,-1.7625,-48.8043,78.75,79,88,2.64
440,Chalchihuites,MX,2021-08-03 02:54:37,23.4833,-103.8833,61.3,72,84,10.16
441,Sioux Lookout,CA,2021-08-03 02:52:23,50.1001,-91.917,71.98,72,90,2.3
442,Nadym,RU,2021-08-03 02:54:37,65.5333,72.5167,62.35,64,100,7.2
443,Chifeng,CN,2021-08-03 02:54:37,42.2683,118.9636,77.32,58,40,4.7
444,Lata,PT,2021-08-03 02:54:38,40.1629,-8.3327,59.81,94,92,0.98
445,Vredendal,ZA,2021-08-03 02:54:38,-31.6683,18.5012,60.33,26,0,7.81
446,Beringovskiy,RU,2021-08-03 02:51:51,63.05,179.3167,45.75,94,100,8.32
447,Shirokiy,RU,2021-08-03 02:54:38,49.758,129.523,76.32,83,100,6.76
448,Ucluelet,CA,2021-08-03 02:53:01,48.9329,-125.5528,80.1,80,0,1.99
449,Yerofey Pavlovich,RU,2021-08-03 02:54:39,53.9667,121.9667,71.35,64,83,6.53
450,Rio Claro,BR,2021-08-03 02:54:39,-22.4114,-47.5614,55.22,72,0,3.87
451,Auki,SB,2021-08-03 02:51:14,-8.7676,160.7034,83.93,66,92,4.23
452,Saint-Augustin,CA,2021-08-03 02:54:40,51.226,-58.6502,57.16,94,100,11.41
453,Belmonte,BR,2021-08-03 02:52:13,-15.8631,-38.8828,64.9,80,62,6.55
454,Tukrah,LY,2021-08-03 02:54:40,32.5341,20.5791,81.55,61,0,7.43
455,Nacala,MZ,2021-08-03 02:54:41,-14.5428,40.6728,61.7,87,0,7.09
456,Ramsar,IR,2021-08-03 02:54:41,36.9226,50.6426,72.84,78,75,4.61
457,Altamira,BR,2021-08-03 02:54:41,-3.2033,-52.2064,72.48,72,28,1.59
458,Trincomalee,LK,2021-08-03 02:54:42,8.5711,81.2335,83.37,69,86,22.08
459,Molln,DE,2021-08-03 02:54:42,53.6333,10.6833,58.01,96,10,6.29
460,Svobodnyy,RU,2021-08-03 02:54:42,51.4,128.1333,69.22,78,100,7.0
461,College,US,2021-08-03 02:51:41,64.8569,-147.8028,87.75,37,40,11.5
462,Jiangyou,CN,2021-08-03 02:54:43,31.7667,104.7167,88.83,59,15,4.05
463,Ahuimanu,US,2021-08-03 02:54:43,21.4447,-157.8378,83.34,62,40,13.8
464,Linares,CL,2021-08-03 02:54:43,-35.85,-71.6,45.23,81,4,3.0
465,Agua Verde,MX,2021-08-03 02:54:44,22.9,-106.05,87.13,83,99,9.75
466,Lorengau,PG,2021-08-03 02:52:06,-2.0226,147.2712,85.33,69,47,9.91
467,Palmer,US,2021-08-03 02:52:16,42.1584,-72.3287,65.17,80,1,3.44
468,Bastrop,US,2021-08-03 02:54:44,32.7562,-91.8724,76.82,95,51,5.39
469,Djambala,CG,2021-08-03 02:54:44,-2.5447,14.7533,68.16,58,92,3.09
470,Tadine,NC,2021-08-03 02:54:45,-21.55,167.8833,71.44,61,1,10.31
471,Batemans Bay,AU,2021-08-03 02:54:45,-35.7167,150.1833,64.09,44,6,13.38
472,Yigou,CN,2021-08-03 02:54:46,35.8114,114.3167,83.25,65,11,6.26
473,Tiznit,MA,2021-08-03 02:54:46,29.5833,-9.5,64.76,78,5,0.47
474,Kpandu,GH,2021-08-03 02:54:46,6.9954,0.2931,75.22,82,100,3.47
475,Houston,US,2021-08-03 02:50:49,29.7633,-95.3633,87.1,69,90,1.99
476,Skjervoy,NO,2021-08-03 02:54:47,70.0311,20.9714,48.61,76,80,4.85
477,Concepcion Del Oro,MX,2021-08-03 02:54:47,24.6333,-101.4167,61.68,73,100,5.03
478,Mehran,IR,2021-08-03 02:54:47,33.1222,46.1646,89.08,14,1,5.46
479,Corinth,GR,2021-08-03 02:54:48,37.9407,22.9573,91.69,53,0,4.32
480,Lokoja,NG,2021-08-03 02:54:48,7.8024,6.743,72.99,95,100,1.05
481,High Level,CA,2021-08-03 02:54:49,58.5169,-117.136,82.51,57,40,3.44
482,Montague,US,2021-08-03 02:54:49,42.5356,-72.5351,64.47,87,0,2.46
483,Portland,US,2021-08-03 02:52:36,45.5234,-122.6762,90.21,52,20,1.01
484,Paraopeba,BR,2021-08-03 02:54:49,-19.2757,-44.4033,60.15,54,22,3.56
485,Acapulco,MX,2021-08-03 02:51:19,16.8634,-99.8901,81.77,86,62,7.02
486,Sistranda,NO,2021-08-03 02:54:45,63.7256,8.834,49.89,69,97,1.05
487,Bethanien,NA,2021-08-03 02:54:50,-26.502,17.1583,54.95,29,0,7.05
488,Sevsk,RU,2021-08-03 02:54:50,52.1491,34.4926,58.41,97,69,6.22
489,Palasa,IN,2021-08-03 02:54:51,18.7667,84.4167,86.54,63,100,7.0
490,Miri,MY,2021-08-03 02:54:51,4.4148,114.0089,84.34,70,40,10.36
491,Adre,TD,2021-08-03 02:54:51,13.4667,22.2,72.3,81,85,3.8
492,Nador,MA,2021-08-03 02:54:52,35.174,-2.9287,68.25,83,0,0.0
493,Gwadar,PK,2021-08-03 02:54:52,25.1216,62.3254,81.84,80,66,8.81
494,Sinnamary,GF,2021-08-03 02:52:11,5.3833,-52.95,78.12,79,89,5.41
495,Severo-Kurilsk,RU,2021-08-03 02:51:27,50.6789,156.125,54.52,75,100,13.58
496,Sterling,US,2021-08-03 02:54:08,39.0062,-77.4286,70.16,80,1,5.99
497,Tevriz,RU,2021-08-03 02:54:53,57.509,72.4042,66.81,65,15,7.92
498,Prachuap Khiri Khan,TH,2021-08-03 02:54:53,12.2167,99.75,85.69,74,100,13.4
499,Santa Lucia,ES,2021-08-03 02:54:53,27.9117,-15.5407,65.52,68,20,19.57
500,Rio Grande,BR,2021-08-03 02:54:54,-32.035,-52.0986,49.95,96,1,6.55
501,Knittelfeld,AT,2021-08-03 02:54:54,47.2167,14.8167,55.47,95,72,2.33
502,Natal,BR,2021-08-03 02:54:54,-5.795,-35.2094,73.62,100,75,6.91
503,Raudeberg,NO,2021-08-03 02:54:55,61.9875,5.1352,50.86,81,37,11.65
504,Opuwo,NA,2021-08-03 02:54:55,-18.0607,13.84,56.16,47,0,3.31
505,Oranjemund,NA,2021-08-03 02:54:55,-28.55,16.4333,56.75,69,0,4.29
506,Dubrovytsya,UA,2021-08-03 02:54:56,51.5744,26.565,54.81,94,3,6.82
507,Wahiawa,US,2021-08-03 02:54:56,21.5028,-158.0236,80.35,57,1,17.27
508,Seoul,KR,2021-08-03 02:52:54,37.5683,126.9778,87.37,68,75,4.61
509,Odienne,CI,2021-08-03 02:54:57,9.51,-7.5692,68.13,92,14,2.28
510,Misratah,LY,2021-08-03 02:54:57,32.3754,15.0925,83.19,63,0,6.58
511,Passo De Camaragibe,BR,2021-08-03 02:54:57,-9.2368,-35.4901,71.15,95,64,3.89
512,Greencastle,US,2021-08-03 02:54:58,39.6445,-86.8647,68.0,83,90,3.44
513,Saint Anthony,US,2021-08-03 02:54:58,45.0205,-93.218,75.13,57,1,4.61
514,Porto Santo,PT,2021-08-03 02:54:59,33.072,-16.3415,72.3,78,40,11.5
515,Kiama,AU,2021-08-03 02:54:59,-34.6833,150.8667,66.38,51,3,10.0
516,Matagami,CA,2021-08-03 02:54:59,49.7502,-77.6328,60.91,94,75,4.61
517,Ayan,RU,2021-08-03 02:54:59,56.45,138.1667,53.11,94,100,10.76
