City_ID,City,Country,Date,Lat,Lng,Max Temp,Humidity,Cloudiness,Wind Speed,Current Description
0,Poronaysk,RU,2021-08-07 02:48:22,49.2167,143.1167,59.0,88,100,8.5,overcast clouds
1,Kyren,RU,2021-08-07 02:44:04,51.6828,102.1408,63.03,75,100,1.45,overcast clouds
2,Rikitea,PF,2021-08-07 02:48:22,-23.1203,-134.9692,74.77,76,9,10.54,clear sky
3,Ushuaia,AR,2021-08-07 02:48:23,-54.8,-68.3,33.46,80,75,21.85,light snow
4,Mount Gambier,AU,2021-08-07 02:44:05,-37.8333,140.7667,51.71,87,75,17.27,broken clouds
5,New Norfolk,AU,2021-08-07 02:44:05,-42.7826,147.0587,51.66,66,80,5.01,broken clouds
6,Castro,BR,2021-08-07 02:44:05,-24.7911,-50.0119,53.44,98,99,5.12,overcast clouds
7,Poum,NC,2021-08-07 02:44:06,-20.2333,164.0167,68.97,64,100,6.42,overcast clouds
8,Mustafakemalpasa,TR,2021-08-07 02:48:23,40.0353,28.4117,77.05,83,66,2.51,broken clouds
9,Hami,CN,2021-08-07 02:44:07,42.8,93.45,83.16,16,100,5.12,overcast clouds
10,Sojat,IN,2021-08-07 02:44:07,25.9167,73.6667,80.17,76,100,6.24,overcast clouds
11,Koygorodok,RU,2021-08-07 02:48:24,60.445,50.9968,53.89,73,10,2.98,clear sky
12,Labuhan,ID,2021-08-07 02:44:07,-6.8844,112.2051,87.35,61,24,13.98,few clouds
13,Mar Del Plata,AR,2021-08-07 02:48:24,-38.0023,-57.5575,53.62,94,0,6.91,clear sky
14,Albany,US,2021-08-07 02:43:29,42.6001,-73.9662,71.73,83,39,2.46,scattered clouds
15,Palana,RU,2021-08-07 02:48:25,59.1167,159.9667,52.56,70,23,10.65,few clouds
16,Cape Town,ZA,2021-08-07 02:44:12,-33.9258,18.4232,51.12,100,90,2.3,fog
17,Punta Arenas,CL,2021-08-07 02:44:07,-53.15,-70.9167,33.91,93,75,13.8,broken clouds
18,Port Lincoln,AU,2021-08-07 02:48:25,-34.7333,135.8667,58.37,55,100,1.32,overcast clouds
19,Chokurdakh,RU,2021-08-07 02:44:08,70.6333,147.9167,60.39,57,83,8.72,broken clouds
20,Kavaratti,IN,2021-08-07 02:43:57,10.5669,72.642,81.95,79,96,22.68,heavy intensity rain
21,Amapa,BR,2021-08-07 02:48:26,1.0,-52.0,74.48,86,100,1.9,overcast clouds
22,Bluff,NZ,2021-08-07 02:48:26,-46.6,168.3333,42.8,67,100,21.97,light rain
23,Atuona,PF,2021-08-07 02:44:09,-9.8,-139.0333,77.88,79,13,18.07,few clouds
24,Torbay,CA,2021-08-07 02:48:27,47.6666,-52.7314,70.68,93,75,20.71,broken clouds
25,Chaohu,CN,2021-08-07 02:48:27,31.6,117.8667,89.71,70,100,9.6,overcast clouds
26,Lovington,US,2021-08-07 02:48:27,32.944,-103.3485,82.02,36,1,17.16,clear sky
27,San Patricio,US,2021-08-07 02:44:10,28.017,-97.5169,85.86,74,8,11.63,clear sky
28,Cherskiy,RU,2021-08-07 02:44:10,68.75,161.3,62.56,59,38,3.13,scattered clouds
29,Xinpu,CN,2021-08-07 02:48:28,34.5997,119.1594,84.65,71,96,3.94,overcast clouds
30,Forio,IT,2021-08-07 02:48:28,40.7342,13.8646,74.44,87,26,1.01,scattered clouds
31,Ulaanbaatar,MN,2021-08-07 02:48:11,47.9077,106.8832,68.13,49,0,6.71,clear sky
32,Samarai,PG,2021-08-07 02:44:11,-10.6167,150.6667,78.44,79,97,13.49,overcast clouds
33,Touros,BR,2021-08-07 02:42:23,-5.1989,-35.4608,76.1,80,18,16.98,few clouds
34,Liuzhou,CN,2021-08-07 02:48:29,24.3126,109.3892,91.04,66,91,2.62,overcast clouds
35,Kumluca,TR,2021-08-07 02:48:30,36.3703,30.2869,81.25,63,0,2.66,clear sky
36,Sardulgarh,IN,2021-08-07 02:48:30,29.7,75.25,90.12,57,70,4.54,broken clouds
37,Laguna,US,2021-08-07 02:44:12,38.421,-121.4238,90.1,39,90,3.0,haze
38,Taltal,CL,2021-08-07 02:44:12,-25.4,-70.4833,55.15,83,10,1.36,clear sky
39,Jamestown,US,2021-08-07 02:43:31,42.097,-79.2353,68.72,87,1,1.01,clear sky
40,Hilo,US,2021-08-07 02:43:58,19.7297,-155.09,75.79,92,96,1.01,moderate rain
41,Kodiak,US,2021-08-07 02:44:13,57.79,-152.4072,58.51,82,90,3.44,overcast clouds
42,Peleduy,RU,2021-08-07 02:48:31,59.6289,112.7406,61.68,81,100,2.15,light rain
43,Ostersund,SE,2021-08-07 02:44:19,63.1792,14.6357,50.45,93,86,5.75,overcast clouds
44,Haines Junction,CA,2021-08-07 02:48:31,60.7522,-137.5108,55.35,94,100,2.3,moderate rain
45,Bathsheba,BB,2021-08-07 02:44:13,13.2167,-59.5167,81.21,78,40,12.66,scattered clouds
46,Provideniya,RU,2021-08-07 02:48:32,64.3833,-173.3,47.32,80,100,6.17,light rain
47,Georgetown,MY,2021-08-07 02:41:40,5.4112,100.3354,87.73,78,20,1.01,haze
48,Yar-Sale,RU,2021-08-07 02:44:14,66.8333,70.8333,70.79,55,20,5.44,few clouds
49,Sitka,US,2021-08-07 02:44:15,57.0531,-135.33,60.69,82,75,0.0,light rain
50,Santa Teresa,VE,2021-08-07 02:48:33,10.2341,-66.6631,77.92,98,57,1.01,broken clouds
51,Yellowknife,CA,2021-08-07 02:43:33,62.456,-114.3525,68.52,60,75,4.61,broken clouds
52,Hofn,IS,2021-08-07 02:44:15,64.2539,-15.2082,52.93,82,100,3.98,overcast clouds
53,Davila,PH,2021-08-07 02:48:33,18.4726,120.5763,84.18,87,95,30.38,moderate rain
54,Lebu,CL,2021-08-07 02:44:15,-37.6167,-73.65,50.32,88,100,4.5,moderate rain
55,Thompson,CA,2021-08-07 02:44:16,55.7435,-97.8558,68.16,56,75,2.3,smoke
56,Longyearbyen,SJ,2021-08-07 02:48:34,78.2186,15.6401,46.24,71,75,12.66,broken clouds
57,Kulunda,RU,2021-08-07 02:48:34,52.566,78.9385,72.9,45,19,3.22,few clouds
58,Carnarvon,AU,2021-08-07 02:44:16,-24.8667,113.6333,78.87,64,75,24.16,broken clouds
59,Taywarah,AF,2021-08-07 02:48:34,33.35,64.4167,60.51,27,0,6.31,clear sky
60,Malumfashi,NG,2021-08-07 02:48:35,11.7853,7.6218,69.66,92,77,8.46,light rain
61,Ilulissat,GL,2021-08-07 02:44:17,69.2167,-51.1,46.42,66,100,8.05,overcast clouds
62,Ugoofaaru,MV,2021-08-07 02:48:35,5.6667,73.0,82.87,77,100,18.37,overcast clouds
63,Arraial Do Cabo,BR,2021-08-07 02:44:46,-22.9661,-42.0278,67.82,68,89,15.43,overcast clouds
64,Dingle,PH,2021-08-07 02:44:18,10.9995,122.6711,87.94,62,100,12.1,overcast clouds
65,Gibsons,CA,2021-08-07 02:48:36,49.3997,-123.5027,70.0,86,100,3.18,overcast clouds
66,Ankang,CN,2021-08-07 02:48:36,32.68,109.0172,73.65,75,100,1.36,overcast clouds
67,Yumen,CN,2021-08-07 02:48:36,40.2833,97.2,76.39,16,100,5.91,overcast clouds
68,Kasongo,CD,2021-08-07 02:48:37,-4.45,26.6667,72.81,57,34,1.97,scattered clouds
69,Barrow,US,2021-08-07 02:48:37,71.2906,-156.7887,39.22,87,90,12.66,overcast clouds
70,Qaanaaq,GL,2021-08-07 02:43:59,77.484,-69.3632,39.47,70,5,6.31,clear sky
71,Mataura,NZ,2021-08-07 02:44:15,-46.1927,168.8643,42.48,92,100,9.71,overcast clouds
72,Busselton,AU,2021-08-07 02:48:38,-33.65,115.3333,67.05,72,9,20.56,clear sky
73,Port Alfred,ZA,2021-08-07 02:44:12,-33.5906,26.891,55.29,83,0,2.89,clear sky
74,Arkhangelskoye,RU,2021-08-07 02:48:38,55.8549,35.3287,60.69,98,100,9.24,overcast clouds
75,Hermanus,ZA,2021-08-07 02:43:57,-34.4187,19.2345,50.9,81,0,4.18,clear sky
76,Sangar,RU,2021-08-07 02:48:39,63.9242,127.4739,73.63,35,99,19.8,overcast clouds
77,Clyde River,CA,2021-08-07 02:44:04,70.4692,-68.5914,35.83,93,90,6.91,mist
78,Puerto Ayora,EC,2021-08-07 02:48:39,-0.7393,-90.3518,70.56,88,80,8.01,broken clouds
79,Narasannapeta,IN,2021-08-07 02:48:39,18.4167,84.05,86.61,60,100,4.61,overcast clouds
80,Pevek,RU,2021-08-07 02:43:56,69.7008,170.3133,45.37,64,11,8.21,few clouds
81,Port Blair,IN,2021-08-07 02:48:40,11.6667,92.75,83.61,79,100,18.88,overcast clouds
82,Avarua,CK,2021-08-07 02:44:10,-21.2078,-159.775,78.85,73,63,12.66,light rain
83,Kruisfontein,ZA,2021-08-07 02:44:20,-34.0033,24.7314,45.88,92,0,3.8,clear sky
84,Kalmunai,LK,2021-08-07 02:48:41,7.4167,81.8167,82.8,72,100,4.05,overcast clouds
85,Tiksi,RU,2021-08-07 02:44:52,71.6872,128.8694,48.02,76,20,2.86,few clouds
86,Burnie,AU,2021-08-07 02:44:21,-41.0667,145.9167,53.92,71,56,11.54,broken clouds
87,Bredasdorp,ZA,2021-08-07 02:44:21,-34.5322,20.0403,51.12,93,0,4.61,clear sky
88,Hobart,AU,2021-08-07 02:48:41,-42.8794,147.3294,51.03,78,75,1.01,broken clouds
89,Okhotsk,RU,2021-08-07 02:44:22,59.3833,143.3,64.53,48,3,3.22,clear sky
90,Baghdad,IQ,2021-08-07 02:48:13,33.3406,44.4009,89.51,22,0,4.61,clear sky
91,Cockburn Town,TC,2021-08-07 02:44:22,21.4612,-71.1419,82.18,77,2,16.31,clear sky
92,Kavieng,PG,2021-08-07 02:44:23,-2.5744,150.7967,84.63,73,48,17.13,light rain
93,Abu Samrah,SY,2021-08-07 02:44:23,35.3029,37.1841,77.65,46,3,6.17,clear sky
94,Portland,US,2021-08-07 02:44:52,45.5234,-122.6762,79.21,73,75,1.99,broken clouds
95,Lagoa Vermelha,BR,2021-08-07 02:48:43,-28.2086,-51.5258,53.74,93,38,10.51,scattered clouds
96,East London,ZA,2021-08-07 02:44:24,-33.0153,27.9116,58.06,78,11,3.78,few clouds
97,Kapaa,US,2021-08-07 02:48:43,22.0752,-159.319,84.52,67,40,1.99,scattered clouds
98,Upernavik,GL,2021-08-07 02:44:24,72.7868,-56.1549,42.15,90,100,7.72,overcast clouds
99,Palmer,US,2021-08-07 02:44:24,42.1584,-72.3287,74.01,74,20,5.75,few clouds
100,Ahuimanu,US,2021-08-07 02:44:25,21.4447,-157.8378,89.31,62,20,14.97,few clouds
101,Vaini,TO,2021-08-07 02:43:54,-21.2,-175.2,75.36,83,40,16.11,scattered clouds
102,Xining,CN,2021-08-07 02:48:45,36.6167,101.7667,68.49,51,60,1.52,broken clouds
103,Todos Santos,MX,2021-08-07 02:48:45,23.45,-110.2167,85.1,83,84,3.56,broken clouds
104,Chapais,CA,2021-08-07 02:44:25,49.7834,-74.8492,62.38,97,100,9.08,overcast clouds
105,Beringovskiy,RU,2021-08-07 02:44:26,63.05,179.3167,44.02,85,100,23.09,light rain
106,Humberto De Campos,BR,2021-08-07 02:48:46,-2.5983,-43.4611,75.56,89,38,5.66,scattered clouds
107,Bojnurd,IR,2021-08-07 02:48:46,37.4747,57.329,58.95,41,0,2.3,clear sky
108,Itarema,BR,2021-08-07 02:48:47,-2.9248,-39.9167,79.92,70,31,17.96,scattered clouds
109,Aberdeen,GB,2021-08-07 02:48:47,57.1437,-2.0981,60.21,100,90,4.61,mist
110,Lorengau,PG,2021-08-07 02:48:47,-2.0226,147.2712,81.39,76,98,3.53,moderate rain
111,Bantigue,PH,2021-08-07 02:48:48,10.9899,124.6225,86.25,67,100,4.88,overcast clouds
112,Nishihara,JP,2021-08-07 02:48:48,26.1842,127.7558,85.66,92,90,19.57,overcast clouds
113,Snezhnogorsk,RU,2021-08-07 02:48:48,69.1933,33.2531,46.18,79,10,6.35,clear sky
114,Beloha,MG,2021-08-07 02:48:49,-25.1667,45.05,62.91,62,3,3.51,clear sky
115,Jamiltepec,MX,2021-08-07 02:48:49,16.2833,-97.8167,70.43,99,100,2.91,overcast clouds
116,Airai,TL,2021-08-07 02:48:49,-8.9266,125.4092,73.63,36,72,4.61,broken clouds
117,Northam,GB,2021-08-07 02:48:50,51.0333,-4.2167,59.09,94,13,15.64,few clouds
118,Tuktoyaktuk,CA,2021-08-07 02:48:50,69.4541,-133.0374,41.0,81,90,16.11,overcast clouds
119,Nikolskoye,RU,2021-08-07 02:48:50,59.7035,30.7861,58.01,93,100,8.97,overcast clouds
120,Ouango,CF,2021-08-07 02:48:51,4.3133,22.5552,69.51,100,100,2.01,moderate rain
121,Lompoc,US,2021-08-07 02:44:28,34.6391,-120.4579,73.02,90,75,9.22,mist
122,Aykhal,RU,2021-08-07 02:48:51,66.0,111.5,60.64,51,92,17.54,overcast clouds
123,Mehamn,NO,2021-08-07 02:44:29,71.0357,27.8492,58.44,72,100,10.11,overcast clouds
124,La Ronge,CA,2021-08-07 02:44:29,55.1001,-105.2842,71.85,68,75,9.22,smoke
125,Balgazyn,RU,2021-08-07 02:48:52,51.0,95.2,54.61,97,100,8.5,overcast clouds
126,Saint-Louis,SN,2021-08-07 02:48:52,16.3333,-15.0,82.13,68,90,15.77,overcast clouds
127,Buenos Aires,AR,2021-08-07 02:47:08,-34.6132,-58.3772,60.96,95,96,0.0,fog
128,Byron Bay,AU,2021-08-07 02:44:30,-28.65,153.6167,69.87,56,0,7.81,clear sky
129,Areia Branca,BR,2021-08-07 02:48:53,-4.9561,-37.1369,76.37,62,36,18.28,scattered clouds
130,Marawi,PH,2021-08-07 02:44:30,7.9986,124.2928,84.9,50,97,3.02,overcast clouds
131,Mount Isa,AU,2021-08-07 02:45:21,-20.7333,139.5,71.37,20,0,12.66,clear sky
132,Kibala,TD,2021-08-07 02:48:54,9.1104,18.3463,75.15,94,0,0.0,clear sky
133,La Palma,US,2021-08-07 02:48:54,33.8464,-118.0467,85.96,77,1,4.0,clear sky
134,Tuatapere,NZ,2021-08-07 02:44:31,-46.1333,167.6833,42.82,75,73,13.94,broken clouds
135,Kogon,UZ,2021-08-07 02:48:55,39.7228,64.5517,80.64,34,0,9.22,clear sky
136,Victoria,HK,2021-08-07 02:44:31,22.2855,114.1577,87.85,85,100,11.74,overcast clouds
137,Ponta Delgada,PT,2021-08-07 02:46:16,37.7333,-25.6667,68.72,77,75,10.36,broken clouds
138,Bolshoye Nagatkino,RU,2021-08-07 02:48:55,54.5196,47.9679,56.37,46,66,4.38,broken clouds
139,Kysyl-Syr,RU,2021-08-07 02:48:56,63.8986,122.7617,67.17,45,90,12.37,overcast clouds
140,Umm Kaddadah,SD,2021-08-07 02:44:32,13.6017,26.6876,76.05,72,100,5.32,overcast clouds
141,Narsaq,GL,2021-08-07 02:44:33,60.9167,-46.05,46.62,66,98,1.7,overcast clouds
142,Te Anau,NZ,2021-08-07 02:44:33,-45.4167,167.7167,43.99,70,28,6.8,light rain
143,Vitim,RU,2021-08-07 02:48:56,59.4511,112.5578,58.87,95,100,3.09,light rain
144,Beisfjord,NO,2021-08-07 02:48:57,68.3751,17.5988,62.04,69,81,8.57,broken clouds
145,Shingu,JP,2021-08-07 02:44:33,33.7333,135.9833,88.92,90,100,12.24,overcast clouds
146,Makakilo City,US,2021-08-07 02:48:57,21.3469,-158.0858,88.12,51,1,10.36,clear sky
147,Broome,US,2021-08-07 02:48:58,42.2506,-75.833,72.55,90,98,3.27,overcast clouds
148,Sorland,NO,2021-08-07 02:48:58,67.667,12.6934,55.33,83,97,9.42,overcast clouds
149,Lake Cowichan,CA,2021-08-07 02:48:58,48.825,-124.0546,68.11,80,100,2.39,light rain
150,Saint George,US,2021-08-07 02:44:34,37.1041,-113.5841,100.99,4,1,13.8,clear sky
151,Ponta Do Sol,PT,2021-08-07 02:48:59,32.6667,-17.1,72.72,81,5,4.68,clear sky
152,La Sarre,CA,2021-08-07 02:44:40,48.8002,-79.1996,52.36,97,100,9.86,light rain
153,Puerto Escondido,MX,2021-08-07 02:44:35,15.85,-97.0667,77.83,69,90,0.0,overcast clouds
154,Birao,CF,2021-08-07 02:49:00,10.2849,22.7882,70.88,98,100,4.61,light rain
155,Sinnamary,GF,2021-08-07 02:49:00,5.3833,-52.95,76.46,87,73,5.59,moderate rain
156,Hobyo,SO,2021-08-07 02:44:36,5.3505,48.5268,75.49,77,98,22.91,overcast clouds
157,Hualmay,PE,2021-08-07 02:44:36,-11.0964,-77.6139,63.41,83,13,9.13,few clouds
158,Ribeira Grande,PT,2021-08-07 02:44:36,38.5167,-28.7,69.71,71,94,16.24,overcast clouds
159,Trat,TH,2021-08-07 02:49:01,12.5,102.5,86.2,76,89,8.28,overcast clouds
160,Lagoa,PT,2021-08-07 02:49:01,39.05,-27.9833,68.77,68,100,14.5,overcast clouds
161,Aksarka,RU,2021-08-07 02:49:01,66.5606,67.7975,66.88,65,74,3.31,broken clouds
162,Henties Bay,NA,2021-08-07 02:49:02,-22.116,14.2845,52.86,77,0,5.28,clear sky
163,Nanortalik,GL,2021-08-07 02:44:19,60.1432,-45.2371,44.65,77,100,9.22,overcast clouds
164,Iqaluit,CA,2021-08-07 02:49:02,63.7506,-68.5145,42.53,81,90,4.61,light rain
165,Cabo San Lucas,MX,2021-08-07 02:49:03,22.8909,-109.9124,85.6,75,63,8.01,broken clouds
166,Namatanai,PG,2021-08-07 02:49:03,-3.6667,152.4333,81.57,80,84,10.45,light rain
167,Batagay,RU,2021-08-07 02:44:38,67.6333,134.6333,74.79,26,12,4.85,few clouds
168,Maryborough,AU,2021-08-07 02:49:04,-25.5333,152.7,73.81,38,56,2.73,broken clouds
169,Arlit,NE,2021-08-07 02:49:04,18.7369,7.3853,90.9,31,34,6.2,scattered clouds
170,Alekseyevka,RU,2021-08-07 02:49:05,50.6309,38.6903,71.58,42,79,9.06,broken clouds
171,Cayenne,GF,2021-08-07 02:44:38,4.9333,-52.3333,78.1,87,90,0.0,overcast clouds
172,Gilbues,BR,2021-08-07 02:49:05,-9.8317,-45.3439,75.18,44,2,12.17,clear sky
173,Adamovka,RU,2021-08-07 02:49:05,51.5223,59.9396,65.08,67,46,10.51,scattered clouds
174,Melhus,NO,2021-08-07 02:49:06,63.2855,10.2781,61.29,61,45,6.85,scattered clouds
175,Prince George,CA,2021-08-07 02:49:06,53.9166,-122.753,65.64,56,75,6.91,broken clouds
176,Port Hardy,CA,2021-08-07 02:42:14,50.6996,-127.4199,55.58,100,90,6.91,light rain
177,Mecca,SA,2021-08-07 02:44:39,21.4267,39.8261,86.36,44,2,4.56,clear sky
178,Kaitangata,NZ,2021-08-07 02:44:40,-46.2817,169.8464,43.65,83,100,13.24,overcast clouds
179,Vanderhoof,CA,2021-08-07 02:44:40,54.0166,-124.0198,63.1,43,98,8.34,overcast clouds
180,Rawson,AR,2021-08-07 02:49:07,-43.3002,-65.1023,55.47,42,100,18.77,overcast clouds
181,Tambura,SS,2021-08-07 02:49:07,5.6,27.4667,67.96,96,77,3.96,broken clouds
182,Fatezh,RU,2021-08-07 02:49:08,52.0891,35.8632,66.54,66,81,8.68,broken clouds
183,Berlevag,NO,2021-08-07 02:49:08,70.8578,29.0864,55.47,79,62,11.74,broken clouds
184,Ramjibanpur,IN,2021-08-07 02:49:09,22.8333,87.6167,90.12,65,68,4.38,broken clouds
185,Cam Ranh,VN,2021-08-07 02:44:41,11.9214,109.1591,94.96,43,0,4.61,clear sky
186,Kano,NG,2021-08-07 02:49:09,12.0001,8.5167,75.09,94,0,5.75,light rain
187,Havelock,US,2021-08-07 02:44:41,34.8791,-76.9013,78.94,94,94,4.65,overcast clouds
188,Port Elizabeth,ZA,2021-08-07 02:45:02,-33.918,25.5701,48.09,93,40,4.61,scattered clouds
189,Olinda,BR,2021-08-07 02:44:42,-8.0089,-34.8553,74.93,83,40,16.11,scattered clouds
190,Souillac,MU,2021-08-07 02:49:10,-20.5167,57.5167,68.38,83,20,9.22,light rain
191,Srednekolymsk,RU,2021-08-07 02:49:10,67.45,153.6833,49.23,77,100,10.36,overcast clouds
192,Fort Nelson,CA,2021-08-07 02:43:10,58.8053,-122.7002,58.59,94,90,8.05,light intensity shower rain
193,Prince Rupert,CA,2021-08-07 02:45:09,54.3161,-130.3201,60.89,87,90,6.91,light rain
194,Geraldton,AU,2021-08-07 02:45:48,-28.7667,114.6,61.21,59,90,12.66,overcast clouds
195,Sawtell,AU,2021-08-07 02:49:11,-30.3833,153.1,72.19,63,0,13.8,clear sky
196,Leningradskiy,RU,2021-08-07 02:49:11,69.3833,178.4167,37.94,83,100,3.83,overcast clouds
197,Smiths Falls,CA,2021-08-07 02:49:12,44.9001,-76.0161,71.01,79,67,7.4,broken clouds
198,Uppsala,SE,2021-08-07 02:49:12,60.0,17.75,55.42,98,100,0.0,overcast clouds
199,Butaritari,KI,2021-08-07 02:49:12,3.0707,172.7902,84.38,60,0,8.08,clear sky
200,Coquimbo,CL,2021-08-07 02:44:43,-29.9533,-71.3436,53.33,93,90,3.44,overcast clouds
201,Barranca,PE,2021-08-07 02:49:13,-10.75,-77.7667,62.58,84,12,8.5,few clouds
202,Tvoroyri,FO,2021-08-07 02:49:13,61.5556,-6.8111,60.19,90,96,20.2,overcast clouds
203,Huarmey,PE,2021-08-07 02:44:44,-10.0681,-78.1522,64.31,84,5,9.86,clear sky
204,Turbat,PK,2021-08-07 02:49:14,26.0023,63.044,86.7,58,3,3.96,clear sky
205,Aklavik,CA,2021-08-07 02:44:44,68.2191,-135.0107,47.12,73,100,13.62,overcast clouds
206,Melilla,ES,2021-08-07 02:49:14,35.2937,-2.9383,82.78,34,0,9.22,clear sky
207,Iquique,CL,2021-08-07 02:46:49,-20.2208,-70.1431,59.04,74,52,2.17,broken clouds
208,Herat,AF,2021-08-07 02:49:14,34.5,62.0,80.4,16,0,13.67,clear sky
209,Tecoanapa,MX,2021-08-07 02:49:15,16.5167,-98.75,76.98,93,100,3.98,overcast clouds
210,Bambous Virieux,MU,2021-08-07 02:49:15,-20.3428,57.7575,68.25,83,20,9.22,light rain
211,Teknaf,BD,2021-08-07 02:44:45,20.8624,92.3058,81.66,83,96,9.8,heavy intensity rain
212,Tasiilaq,GL,2021-08-07 02:49:16,65.6145,-37.6368,44.76,91,100,2.73,overcast clouds
213,San Andres,CO,2021-08-07 02:40:07,12.5847,-81.7006,82.42,83,75,11.5,broken clouds
214,Atar,MR,2021-08-07 02:49:16,20.5169,-13.0499,84.61,47,19,8.41,few clouds
215,Tilichiki,RU,2021-08-07 02:44:46,60.4667,166.1,58.51,49,97,1.52,overcast clouds
216,Mayumba,GA,2021-08-07 02:49:16,-3.432,10.6554,73.33,86,100,7.87,overcast clouds
217,Eureka,US,2021-08-07 02:49:17,40.8021,-124.1637,65.35,87,79,5.01,broken clouds
218,Lasa,IT,2021-08-07 02:49:17,46.6166,10.7002,63.48,91,92,4.23,overcast clouds
219,Oranjestad,AW,2021-08-07 02:49:17,12.524,-70.027,82.35,83,20,17.27,few clouds
220,Sayan,PE,2021-08-07 02:49:18,-11.1361,-77.1933,67.98,66,0,1.77,clear sky
221,Clarksburg,US,2021-08-07 02:48:06,39.2807,-80.3445,75.88,85,1,0.0,clear sky
222,Khatanga,RU,2021-08-07 02:49:18,71.9667,102.5,59.47,47,39,13.42,scattered clouds
223,Porangatu,BR,2021-08-07 02:49:19,-13.4408,-49.1486,71.92,46,62,4.97,broken clouds
224,Saskylakh,RU,2021-08-07 02:44:47,71.9167,114.0833,47.37,78,100,7.45,overcast clouds
225,Yelabuga,RU,2021-08-07 02:49:19,55.7613,52.0649,62.15,59,99,1.57,overcast clouds
226,Vanimo,PG,2021-08-07 02:49:19,-2.6741,141.3028,77.36,86,100,3.29,overcast clouds
227,Deputatskiy,RU,2021-08-07 02:44:48,69.3,139.9,57.56,43,7,4.29,clear sky
228,Lavrentiya,RU,2021-08-07 02:44:02,65.5833,-171.0,45.37,77,100,15.61,light rain
229,Ulaangom,MN,2021-08-07 02:49:20,49.9811,92.0667,63.45,57,100,7.16,overcast clouds
230,Koslan,RU,2021-08-07 02:49:20,63.4564,48.8989,52.41,69,15,3.36,few clouds
231,Podporozhye,RU,2021-08-07 02:49:20,60.9112,34.1706,53.42,92,93,9.57,overcast clouds
232,Lazaro Cardenas,MX,2021-08-07 02:49:21,17.9583,-102.2,80.01,81,100,4.12,overcast clouds
233,Bethel,US,2021-08-07 02:45:30,41.3712,-73.414,74.71,80,56,4.97,broken clouds
234,Dikson,RU,2021-08-07 02:49:21,73.5069,80.5464,48.49,79,34,10.83,scattered clouds
235,Alamosa,US,2021-08-07 02:49:22,37.4695,-105.87,76.51,27,1,9.22,clear sky
236,Dunedin,NZ,2021-08-07 02:40:56,-45.8742,170.5036,44.8,67,100,21.0,overcast clouds
237,Chegdomyn,RU,2021-08-07 02:49:22,51.1167,133.0167,70.93,85,100,0.98,overcast clouds
238,Harper,LR,2021-08-07 02:49:23,4.375,-7.7169,75.67,76,11,6.4,few clouds
239,Severo-Kurilsk,RU,2021-08-07 02:44:49,50.6789,156.125,55.15,78,100,3.87,overcast clouds
240,Faanui,PF,2021-08-07 02:49:23,-16.4833,-151.75,78.62,68,7,9.13,clear sky
241,Lata,PT,2021-08-07 02:44:50,40.1629,-8.3327,65.05,83,82,1.43,broken clouds
242,Olafsvik,IS,2021-08-07 02:44:50,64.8945,-23.7142,52.48,86,69,2.21,broken clouds
243,Kalisz,PL,2021-08-07 02:49:24,51.7611,18.091,48.72,72,24,7.05,few clouds
244,Causapscal,CA,2021-08-07 02:49:24,48.3542,-67.227,73.94,71,80,7.18,broken clouds
245,Brekstad,NO,2021-08-07 02:49:24,63.687,9.6654,63.01,59,0,13.8,clear sky
246,Manadhoo,MV,2021-08-07 02:49:25,5.7667,73.3833,82.87,77,100,19.62,light rain
247,Vao,NC,2021-08-07 02:49:25,-22.6667,167.4833,67.84,59,91,11.68,overcast clouds
248,Muros,ES,2021-08-07 02:49:26,42.7762,-9.0603,63.23,94,10,7.16,clear sky
249,Bac Lieu,VN,2021-08-07 02:49:26,9.285,105.7244,87.75,64,100,12.82,overcast clouds
250,Kieta,PG,2021-08-07 02:49:27,-6.2167,155.6333,81.68,81,87,6.33,moderate rain
251,Urucara,BR,2021-08-07 02:44:51,-2.5364,-57.76,75.99,78,42,3.38,scattered clouds
252,Sudak,UA,2021-08-07 02:49:27,44.85,34.9667,75.97,61,31,4.45,scattered clouds
253,Chuy,UY,2021-08-07 02:49:28,-33.6971,-53.4616,55.51,93,14,6.15,few clouds
254,Husavik,IS,2021-08-07 02:49:28,66.0449,-17.3389,49.91,79,6,5.39,clear sky
255,Luwingu,ZM,2021-08-07 02:49:28,-10.2621,29.9271,53.28,55,0,3.98,clear sky
256,Seoul,KR,2021-08-07 02:45:12,37.5683,126.9778,90.01,55,0,5.75,clear sky
257,Tekari,IN,2021-08-07 02:49:29,24.9333,84.8333,82.62,71,100,5.21,overcast clouds
258,Talnakh,RU,2021-08-07 02:49:29,69.4865,88.3972,76.71,43,8,5.44,clear sky
259,Kirgiz-Miyaki,RU,2021-08-07 02:49:29,53.6324,54.7979,60.12,55,58,5.91,broken clouds
260,Alanya,TR,2021-08-07 02:49:30,36.5438,31.9998,78.93,66,8,13.4,clear sky
261,Zella-Mehlis,DE,2021-08-07 02:49:30,50.65,10.65,51.13,92,100,4.41,overcast clouds
262,Waipawa,NZ,2021-08-07 02:44:53,-41.4122,175.5153,53.02,81,97,12.08,overcast clouds
263,Baoro,CF,2021-08-07 02:49:31,5.6667,15.9667,67.91,97,100,2.39,overcast clouds
264,Saint-Pierre,RE,2021-08-07 02:49:31,-21.3393,55.4781,65.84,70,75,6.91,broken clouds
265,Kraskino,RU,2021-08-07 02:49:32,42.7114,130.7794,83.86,57,90,1.63,light rain
266,Ancud,CL,2021-08-07 02:44:54,-41.8697,-73.8203,42.22,79,19,9.08,light rain
267,Nanakuli,US,2021-08-07 02:49:32,21.3906,-158.1547,89.55,47,1,10.36,clear sky
268,Buala,SB,2021-08-07 02:44:54,-8.145,159.5921,84.33,63,7,9.17,clear sky
269,Kathu,TH,2021-08-07 02:49:33,7.9178,98.3332,85.82,71,68,9.01,broken clouds
270,Saldanha,ZA,2021-08-07 02:44:54,-33.0117,17.9442,48.25,77,35,3.78,scattered clouds
271,Kununurra,AU,2021-08-07 02:44:55,-15.7667,128.7333,78.78,18,7,13.8,clear sky
272,Bud,US,2021-08-07 02:44:55,39.447,-86.1758,75.04,80,39,5.59,scattered clouds
273,Saint-Georges,GD,2021-08-07 02:49:34,12.0564,-61.7485,80.28,83,40,0.0,scattered clouds
274,Sterling,US,2021-08-07 02:46:04,39.0062,-77.4286,79.57,69,75,6.91,broken clouds
275,Boueni,YT,2021-08-07 02:49:34,-12.9025,45.0761,73.38,65,0,14.43,clear sky
276,Nome,US,2021-08-07 02:44:56,64.5011,-165.4064,48.27,87,90,9.22,light rain
277,Kahului,US,2021-08-07 02:46:24,20.8947,-156.47,85.26,66,20,25.32,few clouds
278,Inhambane,MZ,2021-08-07 02:44:57,-23.865,35.3833,64.13,81,0,3.71,clear sky
279,Lichinga,MZ,2021-08-07 02:49:35,-13.3128,35.2406,53.28,60,0,7.02,clear sky
280,Adrar,MR,2021-08-07 02:44:57,20.5022,-10.0711,90.1,33,6,15.1,clear sky
281,Mahebourg,MU,2021-08-07 02:49:35,-20.4081,57.7,68.29,83,20,9.22,light rain
282,Funadhoo,MV,2021-08-07 02:49:36,6.15,73.2667,82.76,77,100,17.98,light rain
283,Rovaniemi,FI,2021-08-07 02:49:36,66.5,25.7167,54.81,71,0,5.75,clear sky
284,Bollnas,SE,2021-08-07 02:49:36,61.3482,16.3946,52.39,92,72,4.81,broken clouds
285,Marsa Matruh,EG,2021-08-07 02:44:58,31.3525,27.2453,77.2,88,0,11.5,clear sky
286,Merritt Island,US,2021-08-07 02:46:58,28.5392,-80.672,82.45,89,90,10.36,thunderstorm
287,Neuquen,AR,2021-08-07 02:49:37,-38.9516,-68.0591,51.69,58,0,6.91,clear sky
288,Darhan,MN,2021-08-07 02:49:37,49.4867,105.9228,68.41,67,56,3.67,broken clouds
289,Rabo De Peixe,PT,2021-08-07 02:44:59,37.8,-25.5833,67.51,77,75,10.36,broken clouds
290,Roanoke Rapids,US,2021-08-07 02:49:38,36.4615,-77.6542,73.98,100,1,0.0,clear sky
291,Zhigansk,RU,2021-08-07 02:49:38,66.7697,123.3711,74.05,33,59,13.27,broken clouds
292,Banjar,ID,2021-08-07 02:49:39,-8.19,114.9675,80.46,63,20,5.53,few clouds
293,Sakakah,SA,2021-08-07 02:49:39,29.9697,40.2064,85.57,23,5,2.01,clear sky
294,Cap Malheureux,MU,2021-08-07 02:49:39,-19.9842,57.6142,68.49,76,68,1.99,broken clouds
295,Stettler,CA,2021-08-07 02:49:40,52.3168,-112.7186,64.15,72,95,11.5,overcast clouds
296,Timizart,DZ,2021-08-07 02:49:40,36.8,4.2667,79.79,39,0,2.62,clear sky
297,Hokitika,NZ,2021-08-07 02:49:40,-42.7167,170.9667,49.91,73,92,20.29,overcast clouds
298,Genhe,CN,2021-08-07 02:49:40,50.7833,121.5167,76.91,45,70,3.31,broken clouds
299,Grand Gaube,MU,2021-08-07 02:49:41,-20.0064,57.6608,68.4,76,75,1.99,broken clouds
300,Dharampur,IN,2021-08-07 02:49:41,20.5333,73.1833,80.98,81,53,6.04,broken clouds
301,Saurimo,AO,2021-08-07 02:49:41,-9.6608,20.3916,56.46,23,3,5.37,clear sky
302,Faya,SA,2021-08-07 02:45:01,18.3851,42.4509,66.72,51,97,7.92,overcast clouds
303,Nijar,ES,2021-08-07 02:49:42,36.9665,-2.206,78.87,83,0,3.44,clear sky
304,Hervey Bay,AU,2021-08-07 02:49:42,-25.2986,152.8535,73.51,64,35,3.91,scattered clouds
305,Pecos,US,2021-08-07 02:49:43,31.4229,-103.4932,90.43,33,1,9.22,clear sky
306,Sao Felix Do Xingu,BR,2021-08-07 02:41:29,-6.6447,-51.995,70.97,45,1,2.13,clear sky
307,Susanville,US,2021-08-07 02:49:43,40.4163,-120.653,73.81,31,75,1.01,haze
308,Saint-Joseph,RE,2021-08-07 02:49:43,-21.3667,55.6167,64.76,77,52,10.76,broken clouds
309,Sarkand,KZ,2021-08-07 02:49:44,45.41,79.9186,77.76,28,84,7.2,broken clouds
310,Sungaipenuh,ID,2021-08-07 02:49:44,-2.0833,101.3833,77.81,67,78,1.1,broken clouds
311,Sackville,CA,2021-08-07 02:47:30,45.9188,-64.3846,66.85,97,67,9.93,broken clouds
312,Sobolevo,RU,2021-08-07 02:49:45,54.4299,31.8996,60.71,98,100,7.38,overcast clouds
313,Soyo,AO,2021-08-07 02:49:45,-6.1349,12.3689,71.17,89,55,5.53,broken clouds
314,Palma Di Montechiaro,IT,2021-08-07 02:49:45,37.1926,13.765,78.62,66,0,4.34,clear sky
315,Sosnovo-Ozerskoye,RU,2021-08-07 02:49:46,52.5249,111.5418,58.73,86,98,7.2,light rain
316,Jobner,IN,2021-08-07 02:49:46,26.9667,75.3833,80.02,83,100,11.05,overcast clouds
317,Totness,SR,2021-08-07 02:49:46,5.8833,-56.3167,77.36,84,91,2.39,overcast clouds
318,Codrington,AU,2021-08-07 02:49:47,-38.2667,141.9667,54.01,77,100,13.18,overcast clouds
319,Iquitos,PE,2021-08-07 02:49:47,-3.7481,-73.2472,78.84,83,75,1.14,broken clouds
320,Buraydah,SA,2021-08-07 02:49:47,26.326,43.975,86.45,14,26,7.74,scattered clouds
321,Naze,JP,2021-08-07 02:45:05,28.3667,129.4833,83.32,77,62,12.73,broken clouds
322,Shenjiamen,CN,2021-08-07 02:45:05,29.9576,122.298,81.66,82,1,13.73,clear sky
323,Kropotkin,RU,2021-08-07 02:49:48,45.4375,40.5756,78.48,56,100,14.83,overcast clouds
324,Trindade,BR,2021-08-07 02:49:48,-16.6494,-49.4889,71.35,49,93,7.7,overcast clouds
325,Vila Franca Do Campo,PT,2021-08-07 02:49:48,37.7167,-25.4333,68.41,79,74,7.87,broken clouds
326,Vardo,NO,2021-08-07 02:49:49,70.3705,31.1107,52.65,86,19,10.11,few clouds
327,Grindavik,IS,2021-08-07 02:45:16,63.8424,-22.4338,52.56,100,40,3.44,scattered clouds
328,Qui Nhon,VN,2021-08-07 02:45:06,13.7667,109.2333,91.33,55,100,12.35,overcast clouds
329,Mugur-Aksy,RU,2021-08-07 02:49:49,50.35,90.5,53.56,63,100,5.57,overcast clouds
330,Morehead,US,2021-08-07 02:49:49,37.2711,-87.1764,73.11,93,1,0.0,clear sky
331,Kichmengskiy Gorodok,RU,2021-08-07 02:49:50,59.9816,45.7854,57.11,69,100,5.77,overcast clouds
332,Gaujani,RO,2021-08-07 02:49:50,43.7333,25.7,68.68,68,20,3.83,few clouds
333,Holme,DK,2021-08-07 02:49:50,56.1138,10.1725,62.29,92,100,16.87,overcast clouds
334,Toamasina,MG,2021-08-07 02:49:51,-18.1667,49.3833,62.6,94,75,4.61,broken clouds
335,Edd,ER,2021-08-07 02:49:51,13.9297,41.6925,88.83,67,39,6.31,scattered clouds
336,San Cristobal,VE,2021-08-07 02:49:51,7.7669,-72.225,75.38,98,41,3.27,scattered clouds
337,Alofi,NU,2021-08-07 02:45:07,-19.0595,-169.9187,78.69,73,8,8.05,clear sky
338,Gat,IL,2021-08-07 02:42:04,31.61,34.7642,85.41,68,0,6.49,clear sky
339,Calama,CL,2021-08-07 02:49:52,-22.4667,-68.9333,45.09,15,15,18.41,few clouds
340,Itoman,JP,2021-08-07 02:49:52,26.1247,127.6694,86.38,91,75,18.41,broken clouds
341,Shimoda,JP,2021-08-07 02:49:53,34.6667,138.95,82.76,74,100,12.91,light rain
342,Svetlaya,RU,2021-08-07 02:49:53,46.5389,138.3297,67.05,98,100,11.97,overcast clouds
343,Berdigestyakh,RU,2021-08-07 02:49:53,62.0989,126.6992,71.85,38,100,16.26,overcast clouds
344,Kapit,MY,2021-08-07 02:45:08,2.0167,112.9333,90.09,57,95,0.98,overcast clouds
345,Saint-Philippe,RE,2021-08-07 02:49:54,-21.3585,55.7679,65.75,79,41,10.87,scattered clouds
346,Tefe,BR,2021-08-07 02:49:54,-3.3542,-64.7114,76.78,76,37,2.57,scattered clouds
347,Jibuti,DJ,2021-08-07 02:49:54,11.5,42.5,89.02,58,51,4.38,moderate rain
348,Fomboni,KM,2021-08-07 02:49:55,-12.28,43.7425,75.27,73,0,8.1,clear sky
349,Marienburg,PL,2021-08-07 02:49:55,54.0359,19.0266,58.66,93,67,8.08,broken clouds
350,Saint Anthony,US,2021-08-07 02:49:55,45.0205,-93.218,78.69,67,20,3.0,few clouds
351,Conde,BR,2021-08-07 02:49:56,-7.2597,-34.9075,71.06,100,40,6.91,scattered clouds
352,Sao Joao Da Barra,BR,2021-08-07 02:45:09,-21.6403,-41.0511,66.81,67,87,8.7,overcast clouds
353,Los Llanos De Aridane,ES,2021-08-07 02:45:11,28.6585,-17.9182,67.75,97,90,10.36,overcast clouds
354,Qaqortoq,GL,2021-08-07 02:45:11,60.7167,-46.0333,46.9,81,93,2.46,overcast clouds
355,Moron,AR,2021-08-07 02:45:12,-34.6534,-58.6198,60.98,96,98,1.99,overcast clouds
356,Evans,US,2021-08-07 02:48:40,33.5337,-82.1307,76.21,78,75,6.91,broken clouds
357,Komsomolskiy,UZ,2021-08-07 02:49:57,40.4272,71.7189,81.82,34,81,2.3,broken clouds
358,Sari,IR,2021-08-07 02:49:57,36.5633,53.0601,71.19,94,0,2.3,clear sky
359,Senanga,ZM,2021-08-07 02:49:57,-16.1167,23.2667,52.43,32,0,5.82,clear sky
360,Linqiong,CN,2021-08-07 02:49:58,30.4159,103.4609,80.42,81,100,2.53,overcast clouds
361,Emerald,AU,2021-08-07 02:49:58,-23.5333,148.1667,69.94,30,0,9.22,clear sky
362,Along,IN,2021-08-07 02:49:58,28.1667,94.7667,78.04,95,100,0.78,overcast clouds
363,Rocha,UY,2021-08-07 02:49:59,-34.4833,-54.3333,55.54,96,1,7.18,clear sky
364,Salalah,OM,2021-08-07 02:44:04,17.0151,54.0924,77.09,100,90,6.91,overcast clouds
365,Novoshcherbinovskaya,RU,2021-08-07 02:49:59,46.4767,38.6476,80.04,46,94,10.85,overcast clouds
366,Mildura,AU,2021-08-07 02:49:59,-34.2,142.15,57.16,51,90,5.75,overcast clouds
367,Talara,PE,2021-08-07 02:45:14,-4.5772,-81.2719,65.8,84,6,17.54,clear sky
368,Trairi,BR,2021-08-07 02:50:00,-3.2778,-39.2689,80.1,69,63,14.23,broken clouds
369,Catemaco,MX,2021-08-07 02:50:00,18.4167,-95.1167,73.24,91,86,2.95,overcast clouds
370,Atasu,KZ,2021-08-07 02:50:01,48.6814,71.6433,81.97,25,5,9.84,clear sky
371,Garowe,SO,2021-08-07 02:50:01,8.4054,48.4845,72.34,64,51,24.02,broken clouds
372,Basco,PH,2021-08-07 02:45:14,20.4487,121.9702,83.5,86,100,35.99,overcast clouds
373,Gumdag,TM,2021-08-07 02:50:01,39.2061,54.5906,89.71,20,0,6.6,clear sky
374,Avera,US,2021-08-07 02:50:02,33.194,-82.5271,75.88,95,12,2.98,few clouds
375,Wanlaweyn,SO,2021-08-07 02:50:02,2.6185,44.8938,72.05,82,28,10.83,scattered clouds
376,Umm Bab,QA,2021-08-07 02:50:02,25.2142,50.8072,89.28,46,0,3.65,clear sky
377,Chake Chake,TZ,2021-08-07 02:45:15,-5.2459,39.7666,72.14,85,8,7.9,clear sky
378,Takoradi,GH,2021-08-07 02:50:04,4.8845,-1.7554,74.35,88,49,8.32,scattered clouds
379,Meulaboh,ID,2021-08-07 02:50:04,4.1363,96.1285,83.26,70,90,3.53,overcast clouds
380,Fukue,JP,2021-08-07 02:50:04,32.6881,128.8419,89.96,74,40,11.5,scattered clouds
381,Korla,CN,2021-08-07 02:50:05,41.7597,86.1469,86.63,23,3,3.62,clear sky
382,Macon,US,2021-08-07 02:50:05,39.8667,-88.9668,75.11,93,17,7.74,few clouds
383,Hithadhoo,MV,2021-08-07 02:50:06,-0.6,73.0833,80.69,71,100,0.27,light rain
384,Mayo,US,2021-08-07 02:45:16,38.8876,-76.5119,79.9,74,1,1.99,clear sky
385,Wahiawa,US,2021-08-07 02:46:39,21.5028,-158.0236,86.32,60,1,19.57,clear sky
386,Westlock,CA,2021-08-07 02:50:07,54.1502,-113.8688,65.21,77,40,2.3,scattered clouds
387,Jiuquan,CN,2021-08-07 02:50:07,39.7432,98.5174,77.61,19,100,12.46,overcast clouds
388,Khuzhir,RU,2021-08-07 02:50:07,53.1939,107.3397,57.07,80,69,2.55,broken clouds
389,Yulara,AU,2021-08-07 02:45:17,-25.2406,130.9889,60.64,36,0,11.5,clear sky
390,Hot Springs,US,2021-08-07 02:48:25,34.5037,-93.0552,79.68,78,39,2.26,scattered clouds
391,Dukat,RU,2021-08-07 02:50:08,62.55,155.55,43.38,92,100,4.47,overcast clouds
392,Matara,LK,2021-08-07 02:50:08,5.9485,80.5353,79.2,86,100,14.12,overcast clouds
393,Fortuna,US,2021-08-07 02:44:13,40.5982,-124.1573,65.08,57,1,5.99,clear sky
394,Willmar,US,2021-08-07 02:50:06,45.1219,-95.0433,76.59,69,1,4.61,clear sky
395,York,US,2021-08-07 02:49:39,40.1254,-77.0,77.85,72,100,4.81,overcast clouds
396,Norman Wells,CA,2021-08-07 02:50:09,65.282,-126.8329,53.64,76,90,19.57,overcast clouds
397,Kloulklubed,PW,2021-08-07 02:50:09,7.0419,134.2556,77.5,73,100,10.09,light rain
398,Acari,PE,2021-08-07 02:50:10,-15.4311,-74.6158,64.83,77,46,4.27,scattered clouds
399,Yeppoon,AU,2021-08-07 02:50:10,-23.1333,150.7333,74.98,61,0,7.85,clear sky
400,Dudinka,RU,2021-08-07 02:50:10,69.4058,86.1778,74.46,40,62,1.88,broken clouds
401,Nalut,LY,2021-08-07 02:50:11,30.3333,10.85,86.25,13,0,10.02,clear sky
402,Russell,US,2021-08-07 02:45:10,32.3502,-85.1999,79.88,89,40,4.61,scattered clouds
403,Mamou,GN,2021-08-07 02:50:11,10.5,-12.0,65.8,98,99,2.33,overcast clouds
404,Liverpool,GB,2021-08-07 02:50:11,53.4106,-2.9779,58.68,79,100,7.0,overcast clouds
405,Isangel,VU,2021-08-07 02:50:12,-19.55,169.2667,77.11,61,40,14.97,scattered clouds
406,Ola,RU,2021-08-07 02:45:20,59.5833,151.2833,63.12,52,39,4.88,scattered clouds
407,Sabang,ID,2021-08-07 02:50:12,5.8933,95.3214,82.74,75,56,12.57,broken clouds
408,Ostrovnoy,RU,2021-08-07 02:45:20,68.0531,39.5131,53.76,84,19,4.09,few clouds
409,Veraval,IN,2021-08-07 02:50:13,20.9,70.3667,82.38,81,97,13.22,overcast clouds
410,Mittagong,AU,2021-08-07 02:50:13,-34.45,150.45,59.85,46,6,11.59,clear sky
411,Kansanshi,ZM,2021-08-07 02:50:14,-12.0951,26.4273,53.29,44,0,3.47,clear sky
412,Cidreira,BR,2021-08-07 02:50:14,-30.1811,-50.2056,59.88,94,84,14.83,light rain
413,Lakhdenpokhya,RU,2021-08-07 02:50:14,61.5198,30.1992,55.83,82,4,14.03,clear sky
414,Ayr,GB,2021-08-07 02:50:15,55.4627,-4.6339,59.5,94,75,4.61,broken clouds
415,Buin,CL,2021-08-07 02:50:15,-33.7333,-70.75,46.44,91,66,1.54,broken clouds
416,Jiexiu,CN,2021-08-07 02:50:15,37.0244,111.9125,78.76,53,91,4.27,overcast clouds
417,Vila Velha,BR,2021-08-07 02:50:15,-20.3297,-40.2925,64.35,94,75,3.44,broken clouds
418,Chikwawa,MW,2021-08-07 02:50:16,-16.0335,34.8009,63.77,70,0,1.07,clear sky
419,Esperance,AU,2021-08-07 02:50:16,-33.8667,121.9,62.44,52,0,18.54,clear sky
420,Rio Claro,BR,2021-08-07 02:50:17,-22.4114,-47.5614,58.82,64,98,3.49,overcast clouds
421,Toma,BF,2021-08-07 02:50:17,12.7667,-2.8833,74.14,86,54,7.78,broken clouds
422,Andenes,NO,2021-08-07 02:50:17,69.3143,16.1194,59.47,87,100,0.0,overcast clouds
423,Lac Du Bonnet,CA,2021-08-07 02:50:18,50.2536,-96.0612,63.91,50,100,6.51,overcast clouds
424,Sydney,AU,2021-08-07 02:50:18,-33.8679,151.2073,65.37,49,0,1.99,clear sky
425,Derzhavinsk,KZ,2021-08-07 02:50:18,51.1,66.3167,69.57,74,0,14.61,clear sky
426,Carutapera,BR,2021-08-07 02:45:22,-1.195,-46.02,75.45,90,97,4.25,overcast clouds
427,Brae,GB,2021-08-07 02:50:19,60.3964,-1.353,58.91,94,100,25.37,overcast clouds
428,Viedma,AR,2021-08-07 02:50:19,-40.8135,-62.9967,55.24,41,100,6.89,overcast clouds
429,Doka,SD,2021-08-07 02:50:20,13.5167,35.7667,72.93,83,100,5.64,overcast clouds
430,Hamilton,US,2021-08-07 02:48:29,39.1834,-84.5333,75.83,78,1,0.0,clear sky
431,Okha,RU,2021-08-07 02:50:20,53.5739,142.9478,58.57,69,22,16.31,few clouds
432,Meadow Lake,US,2021-08-07 02:50:20,34.8014,-106.5436,89.08,45,66,15.12,broken clouds
433,Phuket,TH,2021-08-07 02:49:37,8.0,98.25,86.22,74,20,9.22,few clouds
434,Flinders,AU,2021-08-07 02:50:21,-34.5833,150.8552,67.05,49,5,5.01,clear sky
435,Gelemso,ET,2021-08-07 02:50:21,8.8167,40.5167,62.44,65,99,6.6,overcast clouds
436,Gallup,US,2021-08-07 02:46:50,35.5281,-108.7426,83.16,31,1,1.99,clear sky
437,Yunyang,CN,2021-08-07 02:50:22,33.4474,112.7142,83.39,74,100,4.54,light rain
438,Praia Da Vitoria,PT,2021-08-07 02:50:22,38.7333,-27.0667,70.05,78,40,13.0,scattered clouds
439,Alyangula,AU,2021-08-07 02:50:22,-13.8483,136.4192,80.47,39,3,19.57,clear sky
440,Camacha,PT,2021-08-07 02:50:23,33.0833,-16.3333,69.22,88,40,12.66,scattered clouds
441,Maniitsoq,GL,2021-08-07 02:50:23,65.4167,-52.9,42.69,92,100,20.07,light rain
442,Bengkulu,ID,2021-08-07 02:50:24,-3.8004,102.2655,83.82,69,18,1.21,few clouds
443,Guerrero Negro,MX,2021-08-07 02:46:14,27.9769,-114.0611,72.68,81,1,14.03,clear sky
444,Benguela,AO,2021-08-07 02:50:24,-12.5763,13.4055,69.69,89,0,2.17,clear sky
445,Gizo,SB,2021-08-07 02:50:24,-8.103,156.8419,82.47,72,29,11.32,scattered clouds
446,Homer,US,2021-08-07 02:50:25,59.6425,-151.5483,62.47,81,20,9.22,few clouds
447,Koungou,YT,2021-08-07 02:50:25,-12.7336,45.2042,73.11,88,75,6.91,broken clouds
448,Orange,US,2021-08-07 02:46:07,33.7,-117.7675,86.88,78,20,1.01,few clouds
449,Hede,CN,2021-08-07 02:50:26,33.7681,120.2517,85.86,69,98,7.58,light rain
450,Yichun,CN,2021-08-07 02:50:26,47.7,128.9,78.62,54,98,0.92,overcast clouds
451,Burgeo,CA,2021-08-07 02:50:26,47.6167,-57.6152,63.79,98,100,15.66,overcast clouds
452,Camocim,BR,2021-08-07 02:50:27,-2.9022,-40.8411,75.13,78,12,10.42,few clouds
453,Karratha,AU,2021-08-07 02:46:03,-20.7377,116.8463,76.32,27,3,23.33,clear sky
454,Elko,US,2021-08-07 02:47:30,41.0002,-115.5012,77.02,21,1,7.0,clear sky
455,Manali,IN,2021-08-07 02:50:27,13.1667,80.2667,86.09,58,100,12.68,overcast clouds
456,Riyadh,SA,2021-08-07 02:42:01,24.6877,46.7219,84.34,12,9,7.38,clear sky
457,Piopio,NZ,2021-08-07 02:50:28,-38.4667,175.0167,58.96,73,12,10.98,few clouds
458,Ahipara,NZ,2021-08-07 02:50:28,-35.1667,173.1667,58.21,76,6,17.07,clear sky
459,Borba,BR,2021-08-07 02:50:29,-4.3878,-59.5939,77.34,63,26,2.75,scattered clouds
460,Colac,AU,2021-08-07 02:45:27,-38.3333,143.5833,58.01,87,100,9.13,overcast clouds
461,Hasaki,JP,2021-08-07 02:50:29,35.7333,140.8333,84.6,77,100,8.34,overcast clouds
462,Pokhara,NP,2021-08-07 02:50:29,28.2333,83.9833,77.99,79,100,1.88,overcast clouds
463,Emirdag,TR,2021-08-07 02:45:57,39.0197,31.15,71.94,50,24,7.4,few clouds
464,Augusto Correa,BR,2021-08-07 02:50:30,-1.0217,-46.635,74.17,93,93,1.66,overcast clouds
465,Pringsewu,ID,2021-08-07 02:50:30,-5.3582,104.9744,86.54,64,50,4.61,scattered clouds
466,Maragogi,BR,2021-08-07 02:50:31,-9.0122,-35.2225,73.04,85,36,14.36,scattered clouds
467,Lima,PE,2021-08-07 02:50:26,-12.0432,-77.0282,61.05,77,90,9.22,overcast clouds
468,Baykit,RU,2021-08-07 02:45:28,61.67,96.37,76.01,39,66,4.12,broken clouds
469,Kemijarvi,FI,2021-08-07 02:50:31,66.7131,27.4306,52.74,73,14,3.67,few clouds
470,Daru,PG,2021-08-07 02:50:32,-9.0763,143.2092,77.52,77,99,15.82,overcast clouds
471,Kushiro,JP,2021-08-07 02:50:32,42.975,144.3747,79.75,83,75,12.66,fog
472,Opuwo,NA,2021-08-07 02:50:33,-18.0607,13.84,59.18,30,0,4.07,clear sky
473,Port Moresby,PG,2021-08-07 02:50:33,-9.4431,147.1797,81.82,69,75,11.5,haze
474,Vysokogornyy,RU,2021-08-07 02:50:33,50.1167,139.15,61.2,98,100,5.5,overcast clouds
475,Kupang,ID,2021-08-07 02:50:33,-10.1667,123.5833,86.58,45,20,25.32,few clouds
476,Kabanjahe,ID,2021-08-07 02:50:34,3.1001,98.4908,66.96,56,77,1.48,moderate rain
477,Sechura,PE,2021-08-07 02:50:34,-5.5569,-80.8222,64.56,82,10,13.85,clear sky
478,Jutai,BR,2021-08-07 02:50:34,-5.1833,-68.9,79.07,55,82,2.17,broken clouds
479,Fuyang,CN,2021-08-07 02:50:35,32.9,115.8167,86.14,75,96,8.28,light rain
480,Sibolga,ID,2021-08-07 02:50:35,1.7427,98.7792,85.35,62,77,3.11,broken clouds
481,Fare,PF,2021-08-07 02:50:35,-16.7,-151.0167,78.39,70,7,7.67,clear sky
482,Margate,GB,2021-08-07 02:50:36,51.3813,1.3862,58.91,84,31,1.99,scattered clouds
483,Pahrump,US,2021-08-07 02:48:03,36.2083,-115.9839,98.06,7,0,0.98,clear sky
484,Klaksvik,FO,2021-08-07 02:50:36,62.2266,-6.589,59.92,89,92,15.46,overcast clouds
485,Quthing,LS,2021-08-07 02:50:37,-30.4,27.7003,38.64,37,2,2.53,clear sky
486,Deming,US,2021-08-07 02:48:04,32.2687,-107.7586,91.29,21,1,5.75,clear sky
487,Kajaani,FI,2021-08-07 02:50:37,64.2273,27.7285,46.45,87,0,5.75,clear sky
488,Lai,TD,2021-08-07 02:50:38,9.3952,16.2989,72.46,83,100,2.89,overcast clouds
489,Pangody,RU,2021-08-07 02:50:38,65.85,74.4859,73.44,51,0,7.81,clear sky
490,Zhanakorgan,KZ,2021-08-07 02:50:38,43.9098,67.2495,93.16,17,44,1.99,scattered clouds
491,Zeya,RU,2021-08-07 02:50:39,53.75,127.2667,60.46,95,100,4.92,overcast clouds
492,Half Moon Bay,US,2021-08-07 02:50:39,37.4636,-122.4286,79.81,87,40,19.57,scattered clouds
493,Risor,NO,2021-08-07 02:50:39,58.7206,9.2342,65.28,75,100,18.5,overcast clouds
494,Jalu,LY,2021-08-07 02:50:40,29.0331,21.5482,85.84,18,0,5.91,clear sky
495,Almaty,KZ,2021-08-07 02:50:40,43.25,76.95,75.11,33,40,2.24,scattered clouds
496,Goldsboro,US,2021-08-07 02:50:15,35.3849,-77.9928,76.17,89,90,0.0,overcast clouds
497,Grand-Bourg,GP,2021-08-07 02:50:40,15.8835,-61.3148,80.55,76,8,15.32,clear sky
498,Helong,CN,2021-08-07 02:50:41,42.5397,128.9972,83.16,53,28,1.03,scattered clouds
499,Najran,SA,2021-08-07 02:45:32,17.4924,44.1277,83.05,37,90,6.89,overcast clouds
500,Barabinsk,RU,2021-08-07 02:50:41,55.3571,78.357,69.46,65,33,4.09,scattered clouds
501,Armidale,AU,2021-08-07 02:50:41,-30.5167,151.65,54.81,44,0,8.3,clear sky
502,Bilma,NE,2021-08-07 02:50:42,18.6853,12.9164,91.0,12,69,11.12,broken clouds
503,Constitucion,CL,2021-08-07 02:50:42,-35.3333,-72.4167,50.43,91,73,6.02,broken clouds
504,Xunchang,CN,2021-08-07 02:50:42,28.4543,104.715,82.09,84,100,3.44,light rain
505,Tahe,CN,2021-08-07 02:45:32,52.3333,124.7333,71.02,75,79,2.8,light rain
506,Honiara,SB,2021-08-07 02:50:43,-9.4333,159.95,84.18,65,29,2.82,scattered clouds
507,Tura,IN,2021-08-07 02:50:43,25.5198,90.2201,75.7,96,100,5.28,moderate rain
508,Chiredzi,ZW,2021-08-07 02:50:44,-21.05,31.6667,56.62,44,0,3.27,clear sky
509,Luderitz,NA,2021-08-07 02:45:33,-26.6481,15.1594,56.64,60,17,3.96,few clouds
510,Kyra,RU,2021-08-07 02:50:44,49.5776,111.9753,72.84,62,84,4.81,broken clouds
511,Chapleau,CA,2021-08-07 02:50:45,47.8405,-83.4034,53.94,98,100,7.54,overcast clouds
512,Porto Velho,BR,2021-08-07 02:46:07,-8.7619,-63.9039,75.25,73,0,2.3,clear sky
513,Rio Bueno,CL,2021-08-07 02:50:45,-40.3167,-72.9667,41.14,97,100,1.74,overcast clouds
514,Keita,NE,2021-08-07 02:50:45,14.7551,5.7749,80.37,65,100,15.01,overcast clouds
515,Bam,IR,2021-08-07 02:50:46,29.106,58.357,88.09,17,7,8.5,clear sky
516,Khushab,PK,2021-08-07 02:50:46,32.2967,72.3525,92.14,52,1,4.29,clear sky
517,Manono,CD,2021-08-07 02:45:34,-7.3,27.4167,70.21,33,2,2.46,clear sky
518,Fairbanks,US,2021-08-07 02:50:47,64.8378,-147.7164,66.54,79,90,1.99,light rain
519,Havoysund,NO,2021-08-07 02:50:47,70.9963,24.6622,59.88,79,100,2.21,overcast clouds
520,Semnan,IR,2021-08-07 02:47:10,35.5729,53.3971,80.31,28,7,6.78,clear sky
521,Pierre,US,2021-08-07 02:50:47,44.3683,-100.351,79.72,61,1,11.5,clear sky
522,Svetlogorsk,BY,2021-08-07 02:50:48,52.6333,29.7333,57.0,97,96,5.26,overcast clouds
523,Satara,IN,2021-08-07 02:50:48,17.6833,73.9833,73.62,82,79,7.49,broken clouds
524,Boa Vista,BR,2021-08-07 02:50:48,2.8197,-60.6733,78.78,89,20,3.44,few clouds
525,Kaliua,TZ,2021-08-07 02:50:49,-5.0606,31.7936,67.41,47,5,6.2,clear sky
526,Vostok,RU,2021-08-07 02:45:36,46.4856,135.8833,73.02,87,100,1.59,moderate rain
527,Edgewater,US,2021-08-07 02:50:49,28.9889,-80.9023,78.1,88,66,5.23,broken clouds
528,Misratah,LY,2021-08-07 02:50:49,32.3754,15.0925,81.14,78,0,6.78,clear sky
529,Zenzeli,RU,2021-08-07 02:50:50,45.9241,47.0474,80.19,33,0,16.67,clear sky
530,Gemena,CD,2021-08-07 02:50:50,3.25,19.7667,68.76,100,100,2.39,overcast clouds
531,Yatou,CN,2021-08-07 02:50:51,37.15,122.3833,82.89,63,97,3.76,light rain
532,Bereda,ES,2021-08-07 02:50:51,43.2686,-7.5406,60.42,100,93,4.81,overcast clouds
533,Ucluelet,CA,2021-08-07 02:49:00,48.9329,-125.5528,61.09,94,100,5.99,overcast clouds
534,Puri,IN,2021-08-07 02:50:52,19.8,85.85,86.52,68,100,7.27,overcast clouds
535,Tocopilla,CL,2021-08-07 02:50:52,-22.092,-70.1979,59.7,72,57,5.61,broken clouds
536,Mabaruma,GY,2021-08-07 02:50:53,8.2,-59.7833,74.41,90,89,2.13,overcast clouds
537,Tsabong,BW,2021-08-07 02:50:53,-26.0217,22.401,52.25,25,3,6.53,clear sky
538,Sao Filipe,CV,2021-08-07 02:50:53,14.8961,-24.4956,77.14,85,100,7.31,overcast clouds
539,Jinxiang,CN,2021-08-07 02:50:54,27.4327,120.6062,84.56,76,99,12.39,light rain
540,Bubaque,GW,2021-08-07 02:45:23,11.2833,-15.8333,79.72,77,100,19.44,overcast clouds
541,Necochea,AR,2021-08-07 02:49:59,-38.5473,-58.7368,55.13,85,100,9.69,overcast clouds
542,Bergen,NO,2021-08-07 02:50:54,60.392,5.328,66.61,48,20,6.91,light rain
543,Sola,VU,2021-08-07 02:50:55,-13.8833,167.55,78.8,76,17,19.8,few clouds
544,Srivardhan,IN,2021-08-07 02:50:55,18.0333,73.0167,82.49,77,40,5.82,scattered clouds
545,Porbandar,IN,2021-08-07 02:50:55,21.6422,69.6093,83.21,75,100,13.15,overcast clouds
546,Mahanje,TZ,2021-08-07 02:50:56,-9.9333,35.3333,53.92,86,7,2.28,clear sky
547,Praia,CV,2021-08-07 02:50:56,14.9215,-23.5087,77.54,83,75,9.22,broken clouds
548,Pacific Grove,US,2021-08-07 02:43:05,36.6177,-121.9166,77.2,88,20,5.01,few clouds
549,Yellandu,IN,2021-08-07 02:50:57,17.6,80.3333,82.36,72,97,3.47,overcast clouds
550,Vrangel,RU,2021-08-07 02:50:57,42.7297,133.0839,77.85,83,100,5.64,light rain
551,Sibut,CF,2021-08-07 02:50:57,5.718,19.0739,69.62,99,100,2.06,moderate rain
552,Nicoya,CR,2021-08-07 02:50:58,10.1483,-85.452,78.35,90,97,1.72,overcast clouds
553,Rio Grande,BR,2021-08-07 02:50:58,-32.035,-52.0986,55.94,96,96,8.95,light rain
554,Vernon,CA,2021-08-07 02:50:58,50.2581,-119.2691,77.45,29,100,4.61,overcast clouds
555,Waitati,NZ,2021-08-07 02:50:09,-45.75,170.5667,44.8,67,100,12.66,overcast clouds
556,Monrovia,LR,2021-08-07 02:50:59,6.3005,-10.7969,75.79,74,32,3.24,scattered clouds
557,Pangnirtung,CA,2021-08-07 02:50:59,66.1451,-65.7125,41.0,81,90,2.3,overcast clouds
558,Aksu,CN,2021-08-07 02:51:00,41.1231,80.2644,80.94,33,0,2.35,clear sky
559,Krasnyy Yar,RU,2021-08-07 02:51:00,46.5331,48.3456,73.33,25,0,13.06,clear sky
560,Westport,US,2021-08-07 02:51:00,41.1415,-73.3579,77.31,82,1,7.0,clear sky
561,Maharajganj,IN,2021-08-07 02:51:01,27.1333,83.5667,86.36,77,99,3.67,overcast clouds
562,Kutum,SD,2021-08-07 02:51:01,14.2,24.6667,70.54,73,100,3.51,overcast clouds
563,Stornoway,GB,2021-08-07 02:51:01,58.2093,-6.3865,63.93,94,83,8.05,broken clouds
564,Noumea,NC,2021-08-07 02:45:40,-22.2763,166.4572,73.38,60,92,10.89,overcast clouds
565,Racale,IT,2021-08-07 02:51:02,39.9631,18.0938,71.35,72,2,5.06,clear sky
566,Teguldet,RU,2021-08-07 02:51:02,57.3064,88.1667,67.55,82,91,3.15,overcast clouds
567,Teya,RU,2021-08-07 02:51:03,60.3778,92.6267,75.42,45,99,1.01,overcast clouds
568,Barmer,IN,2021-08-07 02:51:03,25.75,71.3833,83.98,63,75,13.94,broken clouds
569,Namibe,AO,2021-08-07 02:51:03,-15.1961,12.1522,67.26,88,0,5.06,clear sky
570,Scarborough,GB,2021-08-07 02:49:24,54.2797,-0.4044,56.84,90,36,1.99,scattered clouds
571,Sirjan,IR,2021-08-07 02:47:11,29.452,55.6814,77.38,32,20,3.24,few clouds
572,Bose,IT,2021-08-07 02:51:04,45.4612,8.0137,68.29,84,71,2.24,broken clouds
573,Chicama,PE,2021-08-07 02:51:04,-7.8447,-79.1469,64.65,83,31,6.46,scattered clouds
574,Naantali,FI,2021-08-07 02:51:05,60.4674,22.0243,60.85,72,0,8.05,clear sky
575,Caldas Novas,BR,2021-08-07 02:51:05,-17.7417,-48.625,67.87,52,100,7.45,overcast clouds
576,Changping,CN,2021-08-07 02:51:06,40.2186,116.2197,85.64,35,97,3.09,overcast clouds
577,Kihei,US,2021-08-07 02:51:06,20.785,-156.4656,85.26,66,20,25.32,few clouds
578,Vikulovo,RU,2021-08-07 02:51:06,56.8167,70.6107,64.78,91,100,5.35,overcast clouds
579,Kralendijk,BQ,2021-08-07 02:51:07,12.15,-68.2667,82.38,83,5,11.5,clear sky
580,Nadvoitsy,RU,2021-08-07 02:51:07,63.8667,34.3167,53.04,75,0,5.06,clear sky
581,Leeton,AU,2021-08-07 02:51:07,-34.5667,146.4,55.31,76,90,8.05,overcast clouds
582,Muravlenko,RU,2021-08-07 02:51:08,63.7898,74.523,72.37,56,0,9.19,clear sky
583,Manaus,BR,2021-08-07 02:46:59,-3.1019,-60.025,81.09,78,0,6.91,clear sky
584,Honningsvag,NO,2021-08-07 02:51:08,70.9821,25.9704,53.53,82,99,12.17,overcast clouds
585,Laramie,US,2021-08-07 02:51:09,41.3114,-105.5911,66.58,49,20,1.99,few clouds
586,Alta Floresta,BR,2021-08-07 02:46:11,-9.8756,-56.0861,72.45,40,20,3.13,few clouds
587,Ilhabela,BR,2021-08-07 02:51:09,-23.7781,-45.3581,66.69,88,82,11.39,broken clouds
588,Kashi,CN,2021-08-07 02:51:10,39.4547,75.9797,70.81,56,0,8.95,clear sky
589,Nogliki,RU,2021-08-07 02:51:10,51.8333,143.1667,53.73,89,96,10.96,overcast clouds
590,Brigham City,US,2021-08-07 02:48:39,41.5102,-112.0155,74.66,36,1,1.01,clear sky
591,Aden,YE,2021-08-07 02:51:11,12.7794,45.0367,82.9,80,6,6.49,clear sky
592,Ketchikan,US,2021-08-07 02:51:11,55.3422,-131.6461,58.37,88,81,5.5,light rain
593,Dahra,DZ,2021-08-07 02:51:11,36.2546,0.8519,76.39,35,0,4.45,clear sky
594,Maningrida,AU,2021-08-07 02:51:12,-12.0667,134.2667,84.27,39,8,10.47,clear sky
595,Karasjok,NO,2021-08-07 02:45:44,69.4719,25.5112,55.51,77,49,7.76,scattered clouds
596,Rio De Janeiro,BR,2021-08-07 02:47:48,-22.9028,-43.2075,67.96,73,0,4.61,clear sky
597,Matagami,CA,2021-08-07 02:51:12,49.7502,-77.6328,50.11,87,90,11.5,overcast clouds
598,Khorixas,NA,2021-08-07 02:51:13,-20.3667,14.9667,62.24,22,0,6.55,clear sky
599,Ipojuca,BR,2021-08-07 02:51:13,-8.3989,-35.0639,75.11,88,41,12.21,scattered clouds
600,Kenai,US,2021-08-07 02:51:14,60.5544,-151.2583,67.03,81,1,10.36,clear sky
601,Saint-Francois,FR,2021-08-07 02:51:14,46.4154,3.9054,60.48,94,99,3.44,overcast clouds
602,Omboue,GA,2021-08-07 02:51:14,-1.5746,9.2618,73.6,87,94,5.57,overcast clouds
603,Kuopio,FI,2021-08-07 02:51:15,62.8924,27.677,57.15,67,0,5.75,clear sky
604,Santa Cruz Cabralia,BR,2021-08-07 02:51:15,-16.2781,-39.0247,66.43,94,75,6.91,broken clouds
605,Tomatlan,MX,2021-08-07 02:51:16,19.9333,-105.25,76.41,91,100,2.35,overcast clouds
606,Rafai,CF,2021-08-07 02:51:16,4.95,23.9167,67.24,100,100,1.74,moderate rain
607,Katsuura,JP,2021-08-07 02:51:16,35.1333,140.3,82.51,83,100,8.61,overcast clouds
608,Port-Gentil,GA,2021-08-07 02:51:17,-0.7193,8.7815,75.24,85,99,10.38,overcast clouds
609,Aljezur,PT,2021-08-07 02:51:17,37.3191,-8.8033,64.49,94,35,5.39,scattered clouds
610,Rosarito,MX,2021-08-07 02:46:19,32.3333,-117.0333,75.04,79,15,3.33,few clouds
611,Mandalgovi,MN,2021-08-07 02:45:46,45.7625,106.2708,75.97,22,2,15.68,clear sky
612,Biak,ID,2021-08-07 02:51:18,-0.9131,122.8766,76.69,85,100,7.0,overcast clouds
613,Slavkov U Brna,CZ,2021-08-07 02:51:18,49.1533,16.8765,57.94,92,0,3.44,clear sky
614,Tyukalinsk,RU,2021-08-07 02:51:19,55.8732,72.1967,64.81,92,100,6.87,moderate rain
615,Valmiera,LV,2021-08-07 02:51:19,57.5411,25.4275,62.42,98,100,9.1,overcast clouds
616,Baker City,US,2021-08-07 02:51:19,44.7749,-117.8344,76.71,45,1,12.66,clear sky
617,Korem,ET,2021-08-07 02:51:20,12.5058,39.5228,57.38,73,56,2.68,light rain
618,Saint-Augustin,CA,2021-08-07 02:51:20,51.226,-58.6502,62.67,96,44,13.06,scattered clouds
619,Moose Factory,CA,2021-08-07 02:51:21,51.2585,-80.6094,46.4,100,1,2.3,clear sky
620,Biltine,TD,2021-08-07 02:51:21,14.5333,20.9167,75.99,79,100,6.33,overcast clouds
621,Broken Hill,AU,2021-08-07 02:51:21,-31.95,141.4333,56.91,47,75,6.91,broken clouds
622,Ixtapa,MX,2021-08-07 02:51:22,20.7,-105.2,76.23,94,90,4.61,overcast clouds
623,North Bend,US,2021-08-07 02:51:22,43.4065,-124.2243,68.92,88,40,9.22,scattered clouds
624,Decatur,US,2021-08-07 02:51:22,39.8403,-88.9548,74.1,93,18,7.74,few clouds
625,Tivaouane,SN,2021-08-07 02:51:23,14.9515,-16.8129,80.94,80,30,8.14,scattered clouds
626,Zhuhai,CN,2021-08-07 02:51:23,22.2769,113.5678,87.78,84,20,5.75,light rain
627,Edson,CA,2021-08-07 02:51:23,53.5835,-116.4356,59.14,94,40,2.3,scattered clouds
628,Xuddur,SO,2021-08-07 02:51:24,4.1213,43.8894,67.51,82,88,16.22,overcast clouds
629,Manta,EC,2021-08-07 02:51:24,-0.95,-80.7333,70.93,84,99,11.74,overcast clouds
630,Jurado,CO,2021-08-07 02:51:25,7.1053,-77.7641,77.23,90,99,3.18,light rain
631,Warwick,US,2021-08-07 02:50:34,41.7001,-71.4162,71.91,93,20,5.75,few clouds
632,Vestmannaeyjar,IS,2021-08-07 02:51:25,63.4427,-20.2734,53.64,89,38,5.44,scattered clouds
633,Sao Sebastiao,BR,2021-08-07 02:51:26,-23.76,-45.4097,66.25,91,87,9.08,overcast clouds
634,Pundaguitan,PH,2021-08-07 02:51:26,6.3711,126.1689,83.84,70,96,3.74,overcast clouds
635,Owando,CG,2021-08-07 02:51:26,-0.4819,15.8999,71.06,91,100,3.53,overcast clouds
636,Coihaique,CL,2021-08-07 02:48:10,-45.5752,-72.0662,33.75,93,75,3.44,broken clouds
637,Krasnotorka,UA,2021-08-07 02:51:27,48.682,37.5327,68.32,69,24,7.7,few clouds
638,Pedasi,PA,2021-08-07 02:51:27,7.5333,-80.0333,78.39,84,99,5.68,overcast clouds
639,Arapongas,BR,2021-08-07 02:51:27,-23.4194,-51.4244,64.9,59,100,9.37,overcast clouds
640,Struga,MK,2021-08-07 02:51:28,41.1781,20.6761,59.09,71,0,4.52,clear sky
641,Hovd,MN,2021-08-07 02:51:28,48.0056,91.6419,63.86,47,8,4.0,clear sky
642,Adre,TD,2021-08-07 02:51:28,13.4667,22.2,72.7,76,100,10.4,overcast clouds
643,Grado,ES,2021-08-07 02:51:29,43.388,-6.0743,63.1,92,75,9.22,broken clouds
644,Marshfield,US,2021-08-07 02:51:29,44.6689,-90.1718,70.68,83,1,3.44,clear sky
645,Eyl,SO,2021-08-07 02:51:29,7.9803,49.8164,76.14,65,75,19.44,broken clouds
646,Juruti,BR,2021-08-07 02:51:30,-2.1522,-56.0922,78.01,73,55,2.26,broken clouds
647,Letka,RU,2021-08-07 02:51:30,59.6011,49.4232,54.66,72,93,4.21,overcast clouds
648,Kangaatsiaq,GL,2021-08-07 02:51:30,68.3065,-53.4641,41.34,91,100,10.16,light rain
649,Stromness,GB,2021-08-07 02:47:13,58.965,-3.296,57.45,95,90,20.38,overcast clouds
650,Millinocket,US,2021-08-07 02:51:31,45.6573,-68.7098,73.51,80,1,4.61,clear sky
651,Lisakovsk,KZ,2021-08-07 02:51:32,52.5369,62.4936,64.18,65,0,13.22,clear sky
652,Ingham,US,2021-08-07 02:51:32,42.6,-84.3833,69.28,92,75,5.75,moderate rain
653,Hassleholm,SE,2021-08-07 02:51:32,56.1591,13.7664,55.26,88,100,3.27,overcast clouds
654,Imst,AT,2021-08-07 02:51:33,47.2684,10.6698,45.0,94,45,3.27,scattered clouds
655,Mingaora,PK,2021-08-07 02:51:33,34.7758,72.3625,79.16,66,8,2.21,clear sky
656,Bilibino,RU,2021-08-07 02:51:34,68.0546,166.4372,64.42,32,0,17.63,clear sky
657,Slave Lake,CA,2021-08-07 02:50:54,55.2834,-114.769,64.38,68,1,0.0,clear sky
658,Atambua,ID,2021-08-07 02:51:34,-9.1061,124.8925,83.7,40,54,2.55,broken clouds
659,Egvekinot,RU,2021-08-07 02:51:34,66.3167,-179.1667,39.09,74,100,18.34,overcast clouds
660,Abu Dhabi,AE,2021-08-07 02:46:49,24.4667,54.3667,89.62,70,0,1.14,clear sky
661,Swellendam,ZA,2021-08-07 02:51:35,-34.0226,20.4417,50.38,86,0,2.3,clear sky
662,Acarau,BR,2021-08-07 02:51:35,-2.8856,-40.12,79.38,72,16,18.21,few clouds
663,Sao Jose De Piranhas,BR,2021-08-07 02:51:36,-7.1206,-38.5019,68.7,81,33,10.11,scattered clouds
664,Krasnoselkup,RU,2021-08-07 02:45:53,65.7,82.4667,74.39,48,16,5.35,few clouds
665,Karpogory,RU,2021-08-07 02:51:36,64.0019,44.4451,52.43,70,5,0.69,clear sky
666,Fria,GN,2021-08-07 02:51:37,10.4167,-13.5833,68.77,95,97,2.51,overcast clouds
667,Jiangyou,CN,2021-08-07 02:51:37,31.7667,104.7167,77.49,81,87,4.03,overcast clouds
668,Poirino,IT,2021-08-07 02:51:37,44.9208,7.8469,71.91,88,0,0.6,clear sky
669,Belaya Gora,RU,2021-08-07 02:51:38,68.5333,146.4167,65.37,48,25,4.9,scattered clouds
670,Raudeberg,NO,2021-08-07 02:51:38,61.9875,5.1352,63.27,57,50,8.97,scattered clouds
671,Gordeyevka,RU,2021-08-07 02:51:39,52.9569,31.9703,59.94,98,88,6.4,overcast clouds
672,Storforshei,NO,2021-08-07 02:51:39,66.4043,14.5233,54.66,70,91,5.46,overcast clouds
673,San Juan,AR,2021-08-07 02:51:39,-31.5375,-68.5364,61.3,32,7,1.95,clear sky
674,Port Macquarie,AU,2021-08-07 02:47:24,-31.4333,152.9167,62.56,56,0,5.08,clear sky
675,Gamba,GA,2021-08-07 02:51:40,-2.65,10.0,73.08,87,100,5.28,overcast clouds
